x1,x2,objective
0.814724,0.905792,-0.014706
0.814724,0.905792,-0.014706
0.875828,0.815213,-0.015625
0.824908,0.769923,-0.017241
0.824908,0.769923,-0.017241
0.814724,0.543475,-0.018519
0.687423,0.611410,-0.022727
0.687423,0.611410,-0.022727
0.687423,0.611410,-0.022727
0.642231,0.693497,-0.025000
0.455418,0.706235,-0.040000
0.455418,0.706235,-0.040000
0.014003,0.854841,-0.052632
0.014003,0.854841,-0.052632
0.014003,0.854841,-0.052632
0.014003,0.854841,-0.052632
0.014003,0.854841,-0.052632
0.014003,0.854841,-0.052632
0.014003,0.854841,-0.052632
0.014003,0.854841,-0.052632
0.014003,0.854841,-0.052632
0.014003,0.854841,-0.052632
0.014003,0.854841,-0.052632
0.014003,0.854841,-0.052632
0.014003,0.854841,-0.052632
0.014003,0.854841,-0.052632
0.126987,0.913376,-0.045455
0.126987,0.913376,-0.045455
0.133336,0.867707,-0.050000
0.133336,0.867707,-0.050000
0.133336,0.867707,-0.050000
0.133336,0.867707,-0.050000
0.133336,0.867707,-0.050000
0.133336,0.867707,-0.050000
0.133336,0.867707,-0.050000
0.133336,0.867707,-0.050000
0.133336,0.867707,-0.050000
0.133336,0.867707,-0.050000
0.133336,0.867707,-0.050000
0.632359,0.097540,-0.000000
0.632359,0.097540,-0.000000
0.632359,0.097540,-0.000000
0.632359,0.097540,-0.000000
0.632359,0.097540,-0.000000
0.632359,0.097540,-0.000000
0.632359,0.097540,-0.000000
0.632359,0.097540,-0.000000
0.632359,0.097540,-0.000000
0.632359,0.097540,-0.000000
0.632359,0.097540,-0.000000
0.278498,0.546882,-0.050000
0.278498,0.546882,-0.050000
0.278498,0.546882,-0.050000
0.278498,0.546882,-0.050000
0.278498,0.546882,-0.050000
0.278498,0.546882,-0.050000
0.278498,0.546882,-0.050000
0.278498,0.546882,-0.050000
0.278498,0.546882,-0.050000
0.278498,0.546882,-0.050000
0.278498,0.546882,-0.050000
0.957507,0.964889,-0.011905
0.957507,0.964889,-0.011905
0.957507,0.964889,-0.011905
0.933569,0.892522,-0.013889
0.933569,0.892522,-0.013889
0.813881,0.820155,-0.016393
0.849787,0.687483,-0.017544
0.730099,0.615116,-0.020000
0.730099,0.615116,-0.020000
0.730099,0.615116,-0.020000
0.658286,0.494505,-0.037037
0.658286,0.494505,-0.037037
0.658286,0.494505,-0.037037
0.658286,0.494505,-0.037037
0.658286,0.494505,-0.037037
0.658286,0.494505,-0.037037
0.658286,0.494505,-0.037037
0.658286,0.494505,-0.037037
0.658286,0.494505,-0.037037
0.658286,0.494505,-0.037037
0.658286,0.494505,-0.037037
0.658286,0.494505,-0.037037
0.658286,0.494505,-0.037037
0.658286,0.494505,-0.037037
0.658286,0.494505,-0.037037
0.658286,0.494505,-0.037037
0.658286,0.494505,-0.037037
0.157613,0.970593,-0.037037
0.157613,0.970593,-0.037037
0.169434,0.873534,-0.047619
0.169434,0.873534,-0.047619
0.173374,0.776474,-0.050000
0.173374,0.776474,-0.050000
0.173374,0.776474,-0.050000
0.173374,0.776474,-0.050000
0.173374,0.776474,-0.050000
0.173374,0.776474,-0.050000
0.173374,0.776474,-0.050000
0.173374,0.776474,-0.050000
0.173374,0.776474,-0.050000
0.173374,0.776474,-0.050000
0.173374,0.776474,-0.050000
0.173374,0.776474,-0.050000
0.957167,0.485376,-0.000000
0.957167,0.509644,-0.017241
0.861450,0.521779,-0.018182
0.861450,0.521779,-0.018182
0.670017,0.582451,-0.023810
0.670017,0.582451,-0.023810
0.287150,0.667392,-0.050000
0.287150,0.667392,-0.050000
-0.095717,0.776601,-0.052632
-0.095717,0.776601,-0.052632
-0.095717,0.776601,-0.052632
-0.095717,0.776601,-0.052632
-0.095717,0.776601,-0.052632
-0.095717,0.776601,-0.052632
-0.095717,0.776601,-0.052632
-0.095717,0.776601,-0.052632
-0.095717,0.776601,-0.052632
-0.095717,0.776601,-0.052632
-0.095717,0.776601,-0.052632
-0.095717,0.776601,-0.052632
-0.095717,0.776601,-0.052632
-0.095717,0.776601,-0.052632
0.800280,0.141886,-0.000000
0.800280,0.141886,-0.000000
0.800280,0.141886,-0.000000
0.800280,0.141886,-0.000000
0.800280,0.141886,-0.000000
0.800280,0.141886,-0.000000
0.800280,0.141886,-0.000000
0.800280,0.141886,-0.000000
0.800280,0.141886,-0.000000
0.800280,0.141886,-0.000000
0.800280,0.141886,-0.000000
0.421761,0.915736,-0.033333
0.421761,0.915736,-0.033333
0.453393,0.824162,-0.037037
0.427033,0.778375,-0.040000
0.427033,0.778375,-0.040000
0.421761,0.549441,-0.045455
0.421761,0.549441,-0.045455
0.421761,0.549441,-0.045455
0.395401,0.503655,-0.050000
0.395401,0.503655,-0.050000
0.395401,0.503655,-0.050000
0.395401,0.503655,-0.050000
0.395401,0.503655,-0.050000
0.397378,0.497931,-0.100000
0.397378,0.497931,-0.100000
0.397378,0.497931,-0.100000
0.396966,0.497216,-0.125000
0.396966,0.497216,-0.125000
0.396966,0.497216,-0.125000
0.396966,0.497216,-0.125000
0.396966,0.497216,-0.125000
0.396966,0.497216,-0.125000
0.396966,0.497216,-0.125000
0.792207,0.959492,-0.013158
0.792207,0.959492,-0.013158
0.851623,0.863543,-0.015152
0.802110,0.815569,-0.016667
0.896185,0.599683,-0.017241
0.846672,0.551708,-0.017857
0.846672,0.551708,-0.017857
0.732792,0.671645,-0.020000
0.732792,0.671645,-0.020000
0.519886,0.695632,-0.027027
0.519886,0.695632,-0.027027
0.297078,0.863543,-0.045455
0.306980,0.719619,-0.050000
0.306980,0.719619,-0.050000
0.306980,0.719619,-0.050000
0.306980,0.719619,-0.050000
0.306980,0.719619,-0.050000
0.306980,0.719619,-0.050000
0.306980,0.719619,-0.050000
0.306980,0.719619,-0.050000
0.306980,0.719619,-0.050000
0.306980,0.719619,-0.050000
0.306980,0.719619,-0.050000
0.306980,0.719619,-0.050000
0.306980,0.719619,-0.050000
0.306980,0.719619,-0.050000
0.306980,0.719619,-0.050000
0.655741,0.035712,-0.000000
0.655741,0.035712,-0.000000
0.655741,0.035712,-0.000000
0.655741,0.035712,-0.000000
0.655741,0.035712,-0.000000
0.655741,0.035712,-0.000000
0.655741,0.035712,-0.000000
0.655741,0.035712,-0.000000
0.655741,0.035712,-0.000000
0.655741,0.035712,-0.000000
0.655741,0.035712,-0.000000
0.849129,0.933993,-0.013889
0.849129,0.933993,-0.013889
0.912814,0.840594,-0.015152
0.859743,0.793894,-0.016129
0.923428,0.700495,-0.016667
0.849129,0.560396,-0.017857
0.849129,0.560396,-0.017857
0.736354,0.507859,-0.020408
0.736354,0.507859,-0.020408
0.736354,0.507859,-0.020408
0.625487,0.508953,-0.026316
0.625487,0.508953,-0.026316
0.625487,0.508953,-0.026316
0.625487,0.508953,-0.026316
0.414982,0.502090,-0.047619
0.414982,0.502090,-0.047619
0.351125,0.509427,-0.050000
0.351125,0.509427,-0.050000
0.351125,0.509427,-0.050000
0.351125,0.509427,-0.050000
0.351125,0.509427,-0.050000
0.351125,0.509427,-0.050000
0.351125,0.509427,-0.050000
0.351125,0.509427,-0.050000
0.351125,0.509427,-0.050000
0.351125,0.509427,-0.050000
0.351125,0.509427,-0.050000
0.351125,0.509427,-0.050000
0.351125,0.509427,-0.050000
0.351125,0.509427,-0.050000
0.678735,0.757740,-0.021739
0.678735,0.757740,-0.021739
0.610862,0.814571,-0.023810
0.610862,0.776684,-0.024390
0.610862,0.776684,-0.024390
0.610862,0.776684,-0.024390
0.610862,0.776684,-0.024390
0.610862,0.776684,-0.024390
0.610862,0.776684,-0.024390
0.610862,0.776684,-0.024390
0.610862,0.776684,-0.024390
0.610862,0.776684,-0.024390
0.610862,0.776684,-0.024390
0.610862,0.776684,-0.024390
0.610862,0.776684,-0.024390
0.610862,0.776684,-0.024390
0.743132,0.392227,-0.000000
0.743132,0.392227,-0.000000
0.743132,0.392227,-0.000000
0.743132,0.392227,-0.000000
0.743132,0.392227,-0.000000
0.743132,0.392227,-0.000000
0.743132,0.392227,-0.000000
0.743132,0.392227,-0.000000
0.743132,0.392227,-0.000000
0.743132,0.392227,-0.000000
0.743132,0.392227,-0.000000
0.655478,0.171187,-0.000000
0.655478,0.171187,-0.000000
0.655478,0.171187,-0.000000
0.655478,0.171187,-0.000000
0.655478,0.171187,-0.000000
0.655478,0.171187,-0.000000
0.655478,0.171187,-0.000000
0.655478,0.171187,-0.000000
0.655478,0.171187,-0.000000
0.655478,0.171187,-0.000000
0.655478,0.171187,-0.000000
0.706046,0.031833,-0.000000
0.706046,0.031833,-0.000000
0.706046,0.031833,-0.000000
0.706046,0.031833,-0.000000
0.706046,0.031833,-0.000000
0.706046,0.031833,-0.000000
0.706046,0.031833,-0.000000
0.706046,0.031833,-0.000000
0.706046,0.031833,-0.000000
0.706046,0.031833,-0.000000
0.706046,0.031833,-0.000000
0.276923,0.046171,-0.000000
0.276923,0.046171,-0.000000
0.276923,0.046171,-0.000000
0.276923,0.046171,-0.000000
0.276923,0.046171,-0.000000
0.276923,0.046171,-0.000000
0.276923,0.046171,-0.000000
0.276923,0.046171,-0.000000
0.276923,0.046171,-0.000000
0.276923,0.046171,-0.000000
0.097132,0.823458,-0.050000
0.097132,0.823458,-0.050000
0.097132,0.823458,-0.050000
0.097132,0.823458,-0.050000
0.097132,0.823458,-0.050000
0.097132,0.823458,-0.050000
0.097132,0.823458,-0.050000
0.097132,0.823458,-0.050000
0.097132,0.823458,-0.050000
0.097132,0.823458,-0.050000
0.097132,0.823458,-0.050000
0.694829,0.317099,-0.000000
0.694829,0.317099,-0.000000
0.694829,0.317099,-0.000000
0.694829,0.317099,-0.000000
0.694829,0.317099,-0.000000
0.694829,0.317099,-0.000000
0.694829,0.317099,-0.000000
0.694829,0.317099,-0.000000
0.694829,0.317099,-0.000000
0.694829,0.317099,-0.000000
0.694829,0.317099,-0.000000
0.950222,0.034446,-0.000000
0.950222,0.034446,-0.000000
0.950222,0.034446,-0.000000
0.950222,0.034446,-0.000000
0.950222,0.034446,-0.000000
0.950222,0.034446,-0.000000
0.950222,0.034446,-0.000000
0.950222,0.034446,-0.000000
0.950222,0.034446,-0.000000
0.950222,0.034446,-0.000000
0.950222,0.034446,-0.000000
0.438744,0.381558,-0.000000
0.438744,0.381558,-0.000000
0.438744,0.381558,-0.000000
0.438744,0.381558,-0.000000
0.438744,0.381558,-0.000000
0.438744,0.381558,-0.000000
0.438744,0.381558,-0.000000
0.438744,0.381558,-0.000000
0.438744,0.381558,-0.000000
0.438744,0.381558,-0.000000
0.765517,0.795200,-0.018182
0.765517,0.795200,-0.018182
0.765517,0.795200,-0.018182
0.765517,0.795200,-0.018182
0.688965,0.815080,-0.021277
0.688965,0.815080,-0.021277
0.612413,0.874720,-0.022222
0.612413,0.834960,-0.023810
0.612413,0.834960,-0.023810
0.497586,0.844900,-0.026316
0.497586,0.844900,-0.026316
0.382758,0.775320,-0.040000
0.172241,0.859810,-0.050000
0.057414,0.790230,-0.052632
0.057414,0.790230,-0.052632
0.057414,0.790230,-0.052632
0.057414,0.790230,-0.052632
0.057414,0.790230,-0.052632
0.057414,0.790230,-0.052632
0.057414,0.790230,-0.052632
0.057414,0.790230,-0.052632
0.057414,0.790230,-0.052632
0.057414,0.790230,-0.052632
0.057414,0.790230,-0.052632
0.057414,0.790230,-0.052632
0.057414,0.790230,-0.052632
0.057414,0.790230,-0.052632
0.057414,0.790230,-0.052632
0.186873,0.489764,-0.000000
0.186873,0.514253,-0.050000
0.186873,0.514253,-0.050000
0.186873,0.514253,-0.050000
0.186873,0.514253,-0.050000
0.186873,0.514253,-0.050000
0.186873,0.514253,-0.050000
0.186873,0.514253,-0.050000
0.186873,0.514253,-0.050000
0.186873,0.514253,-0.050000
0.186873,0.514253,-0.050000
0.445586,0.646313,-0.041667
0.445586,0.646313,-0.041667
0.467866,0.613997,-0.043478
0.467866,0.613997,-0.043478
0.467866,0.613997,-0.043478
0.467866,0.613997,-0.043478
0.467866,0.613997,-0.043478
0.467866,0.613997,-0.043478
0.467866,0.613997,-0.043478
0.467866,0.613997,-0.043478
0.467866,0.613997,-0.043478
0.467866,0.613997,-0.043478
0.467866,0.613997,-0.043478
0.709365,0.754687,-0.019231
0.709365,0.754687,-0.019231
0.638428,0.811288,-0.023256
0.602960,0.764120,-0.024390
0.602960,0.764120,-0.024390
0.425619,0.754687,-0.040000
0.425619,0.754687,-0.040000
0.319214,0.688652,-0.050000
0.319214,0.688652,-0.050000
0.319214,0.688652,-0.050000
0.319214,0.688652,-0.050000
0.319214,0.688652,-0.050000
0.319214,0.688652,-0.050000
0.319214,0.688652,-0.050000
0.319214,0.688652,-0.050000
0.319214,0.688652,-0.050000
0.319214,0.688652,-0.050000
0.319214,0.688652,-0.050000
0.319214,0.688652,-0.050000
0.319214,0.688652,-0.050000
0.319214,0.688652,-0.050000
0.276025,0.679703,-0.050000
0.276025,0.679703,-0.050000
0.276025,0.679703,-0.050000
0.276025,0.679703,-0.050000
0.276025,0.679703,-0.050000
0.276025,0.679703,-0.050000
0.276025,0.679703,-0.050000
0.276025,0.679703,-0.050000
0.276025,0.679703,-0.050000
0.276025,0.679703,-0.050000
0.276025,0.679703,-0.050000
0.655098,0.162612,-0.000000
0.655098,0.162612,-0.000000
0.655098,0.162612,-0.000000
0.655098,0.162612,-0.000000
0.655098,0.162612,-0.000000
0.655098,0.162612,-0.000000
0.655098,0.162612,-0.000000
0.655098,0.162612,-0.000000
0.655098,0.162612,-0.000000
0.655098,0.162612,-0.000000
0.655098,0.162612,-0.000000
0.118998,0.498364,-0.000000
0.118998,0.523282,-0.050000
0.118998,0.523282,-0.050000
0.118998,0.523282,-0.050000
0.118998,0.523282,-0.050000
0.118998,0.523282,-0.050000
0.118998,0.523282,-0.050000
0.118998,0.523282,-0.050000
0.118998,0.523282,-0.050000
0.118998,0.523282,-0.050000
0.118998,0.523282,-0.050000
0.959744,0.340386,-0.000000
0.959744,0.340386,-0.000000
0.959744,0.340386,-0.000000
0.959744,0.340386,-0.000000
0.959744,0.340386,-0.000000
0.959744,0.340386,-0.000000
0.959744,0.340386,-0.000000
0.959744,0.340386,-0.000000
0.959744,0.340386,-0.000000
0.959744,0.340386,-0.000000
0.959744,0.340386,-0.000000
0.585268,0.223812,-0.000000
0.585268,0.223812,-0.000000
0.585268,0.223812,-0.000000
0.585268,0.223812,-0.000000
0.585268,0.223812,-0.000000
0.585268,0.223812,-0.000000
0.585268,0.223812,-0.000000
0.585268,0.223812,-0.000000
0.585268,0.223812,-0.000000
0.585268,0.223812,-0.000000
0.585268,0.223812,-0.000000
0.751267,0.255095,-0.000000
0.751267,0.255095,-0.000000
0.751267,0.255095,-0.000000
0.751267,0.255095,-0.000000
0.751267,0.255095,-0.000000
0.751267,0.255095,-0.000000
0.751267,0.255095,-0.000000
0.751267,0.255095,-0.000000
0.751267,0.255095,-0.000000
0.751267,0.255095,-0.000000
0.751267,0.255095,-0.000000
0.505957,0.699077,-0.027027
0.505957,0.699077,-0.027027
0.505957,0.699077,-0.027027
0.505957,0.699077,-0.027027
0.505957,0.699077,-0.027027
0.505957,0.699077,-0.027027
0.505957,0.699077,-0.027027
0.505957,0.699077,-0.027027
0.505957,0.699077,-0.027027
0.505957,0.699077,-0.027027
0.505957,0.699077,-0.027027
0.890903,0.959291,-0.012346
0.890903,0.959291,-0.012346
0.957721,0.863362,-0.013889
0.902040,0.815398,-0.015385
0.968857,0.719469,-0.015873
0.890903,0.575575,-0.017544
0.890903,0.575575,-0.017544
0.772580,0.521615,-0.019608
0.772580,0.521615,-0.019608
0.772580,0.521615,-0.019608
0.656258,0.522739,-0.025000
0.656258,0.522739,-0.025000
0.656258,0.522739,-0.025000
0.656258,0.522739,-0.025000
0.458964,0.497094,-0.083333
0.458964,0.497094,-0.083333
0.458964,0.497094,-0.083333
0.342642,0.498218,-0.100000
0.342642,0.498218,-0.100000
0.342642,0.498218,-0.100000
0.342642,0.498218,-0.100000
0.342642,0.498218,-0.100000
0.342642,0.498218,-0.100000
0.342642,0.498218,-0.100000
0.342642,0.498218,-0.100000
0.342642,0.498218,-0.100000
0.342642,0.498218,-0.100000
0.342642,0.498218,-0.100000
0.342642,0.498218,-0.100000
0.342642,0.498218,-0.100000
0.342642,0.498218,-0.100000
0.342642,0.498218,-0.100000
0.342642,0.498218,-0.100000
0.342642,0.498218,-0.100000
0.547216,0.138624,-0.000000
0.547216,0.138624,-0.000000
0.547216,0.138624,-0.000000
0.547216,0.138624,-0.000000
0.547216,0.138624,-0.000000
0.547216,0.138624,-0.000000
0.547216,0.138624,-0.000000
0.547216,0.138624,-0.000000
0.547216,0.138624,-0.000000
0.547216,0.138624,-0.000000
0.547216,0.138624,-0.000000
0.149294,0.257508,-0.000000
0.149294,0.257508,-0.000000
0.149294,0.257508,-0.000000
0.149294,0.257508,-0.000000
0.149294,0.257508,-0.000000
0.149294,0.257508,-0.000000
0.149294,0.257508,-0.000000
0.149294,0.257508,-0.000000
0.149294,0.257508,-0.000000
0.149294,0.257508,-0.000000
0.840717,0.254282,-0.000000
0.840717,0.254282,-0.000000
0.840717,0.254282,-0.000000
0.840717,0.254282,-0.000000
0.840717,0.254282,-0.000000
0.840717,0.254282,-0.000000
0.840717,0.254282,-0.000000
0.840717,0.254282,-0.000000
0.840717,0.254282,-0.000000
0.840717,0.254282,-0.000000
0.840717,0.254282,-0.000000
0.814285,0.243525,-0.000000
0.814285,0.243525,-0.000000
0.814285,0.243525,-0.000000
0.814285,0.243525,-0.000000
0.814285,0.243525,-0.000000
0.814285,0.243525,-0.000000
0.814285,0.243525,-0.000000
0.814285,0.243525,-0.000000
0.814285,0.243525,-0.000000
0.814285,0.243525,-0.000000
0.814285,0.243525,-0.000000
0.929264,0.349984,-0.000000
0.929264,0.349984,-0.000000
0.929264,0.349984,-0.000000
0.929264,0.349984,-0.000000
0.929264,0.349984,-0.000000
0.929264,0.349984,-0.000000
0.929264,0.349984,-0.000000
0.929264,0.349984,-0.000000
0.929264,0.349984,-0.000000
0.929264,0.349984,-0.000000
0.929264,0.349984,-0.000000
0.196595,0.251084,-0.000000
0.196595,0.251084,-0.000000
0.196595,0.251084,-0.000000
0.196595,0.251084,-0.000000
0.196595,0.251084,-0.000000
0.196595,0.251084,-0.000000
0.196595,0.251084,-0.000000
0.196595,0.251084,-0.000000
0.196595,0.251084,-0.000000
0.616045,0.473289,-0.000000
0.616045,0.496953,-0.037037
0.585242,0.496953,-0.038462
0.585242,0.496953,-0.038462
0.585242,0.496953,-0.038462
0.585242,0.496953,-0.038462
0.585242,0.496953,-0.038462
0.593906,0.495474,-0.041667
0.593906,0.495474,-0.041667
0.593906,0.495474,-0.041667
0.593906,0.495474,-0.041667
0.593906,0.495474,-0.041667
0.593906,0.495474,-0.041667
0.593906,0.495474,-0.041667
0.593906,0.495474,-0.041667
0.593906,0.495474,-0.041667
0.593906,0.495474,-0.041667
0.593906,0.495474,-0.041667
0.351660,0.830829,-0.041667
0.351660,0.830829,-0.041667
0.351660,0.830829,-0.041667
0.351660,0.830829,-0.041667
0.351660,0.830829,-0.041667
0.351660,0.830829,-0.041667
0.351660,0.830829,-0.041667
0.351660,0.830829,-0.041667
0.351660,0.830829,-0.041667
0.351660,0.830829,-0.041667
0.351660,0.830829,-0.041667
0.351660,0.830829,-0.041667
0.351660,0.830829,-0.041667
0.585264,0.549724,-0.026316
0.585264,0.549724,-0.026316
0.585264,0.549724,-0.026316
0.585264,0.522237,-0.027778
0.585264,0.522237,-0.027778
0.585264,0.522237,-0.027778
0.585264,0.522237,-0.027778
0.585264,0.522237,-0.027778
0.585264,0.522237,-0.027778
0.585264,0.522237,-0.027778
0.585264,0.522237,-0.027778
0.585264,0.522237,-0.027778
0.585264,0.522237,-0.027778
0.585264,0.522237,-0.027778
0.585264,0.522237,-0.027778
0.917194,0.285839,-0.000000
0.917194,0.285839,-0.000000
0.917194,0.285839,-0.000000
0.917194,0.285839,-0.000000
0.917194,0.285839,-0.000000
0.917194,0.285839,-0.000000
0.917194,0.285839,-0.000000
0.917194,0.285839,-0.000000
0.917194,0.285839,-0.000000
0.917194,0.285839,-0.000000
0.917194,0.285839,-0.000000
0.757200,0.753729,-0.018182
0.757200,0.753729,-0.018182
0.681480,0.810259,-0.021277
0.681480,0.810259,-0.021277
0.605760,0.829102,-0.023810
0.605760,0.829102,-0.023810
0.605760,0.829102,-0.023810
0.492180,0.838524,-0.029412
0.492180,0.838524,-0.029412
0.378600,0.772572,-0.040000
0.170370,0.852656,-0.050000
0.056790,0.786705,-0.052632
0.056790,0.786705,-0.052632
0.056790,0.786705,-0.052632
0.056790,0.786705,-0.052632
0.056790,0.786705,-0.052632
0.056790,0.786705,-0.052632
0.056790,0.786705,-0.052632
0.056790,0.786705,-0.052632
0.056790,0.786705,-0.052632
0.056790,0.786705,-0.052632
0.056790,0.786705,-0.052632
0.056790,0.786705,-0.052632
0.056790,0.786705,-0.052632
0.056790,0.786705,-0.052632
0.056790,0.786705,-0.052632
0.380446,0.567822,-0.050000
0.380446,0.567822,-0.050000
0.380446,0.567822,-0.050000
0.380446,0.567822,-0.050000
0.380446,0.567822,-0.050000
0.380446,0.567822,-0.050000
0.380446,0.567822,-0.050000
0.380446,0.567822,-0.050000
0.380446,0.567822,-0.050000
0.380446,0.567822,-0.050000
0.380446,0.567822,-0.050000
0.380446,0.567822,-0.050000
0.075854,0.053950,-0.000000
0.075854,0.053950,-0.000000
0.075854,0.053950,-0.000000
0.075854,0.053950,-0.000000
0.075854,0.053950,-0.000000
0.075854,0.053950,-0.000000
0.075854,0.053950,-0.000000
0.075854,0.053950,-0.000000
0.530798,0.779167,-0.025641
0.530798,0.779167,-0.025641
0.530798,0.779167,-0.025641
0.517528,0.720730,-0.027027
0.457813,0.769428,-0.038462
0.401416,0.676902,-0.043478
0.341701,0.725599,-0.050000
0.341701,0.725599,-0.050000
0.341701,0.725599,-0.050000
0.341701,0.725599,-0.050000
0.341701,0.725599,-0.050000
0.341701,0.725599,-0.050000
0.341701,0.725599,-0.050000
0.341701,0.725599,-0.050000
0.341701,0.725599,-0.050000
0.341701,0.725599,-0.050000
0.341701,0.725599,-0.050000
0.341701,0.725599,-0.050000
0.341701,0.725599,-0.050000
0.934011,0.129906,-0.000000
0.934011,0.129906,-0.000000
0.934011,0.129906,-0.000000
0.934011,0.129906,-0.000000
0.934011,0.129906,-0.000000
0.934011,0.129906,-0.000000
0.934011,0.129906,-0.000000
0.934011,0.129906,-0.000000
0.934011,0.129906,-0.000000
0.934011,0.129906,-0.000000
0.934011,0.129906,-0.000000
0.568824,0.469391,-0.000000
0.568824,0.469391,-0.000000
0.568824,0.469391,-0.000000
0.568824,0.469391,-0.000000
0.568824,0.469391,-0.000000
0.568824,0.469391,-0.000000
0.568824,0.469391,-0.000000
0.568824,0.469391,-0.000000
0.568824,0.469391,-0.000000
0.568824,0.469391,-0.000000
0.568824,0.469391,-0.000000
0.011902,0.337123,-0.000000
0.011902,0.337123,-0.000000
0.011902,0.337123,-0.000000
0.011902,0.337123,-0.000000
0.011902,0.337123,-0.000000
0.011902,0.337123,-0.000000
0.011902,0.337123,-0.000000
0.011902,0.337123,-0.000000
0.011902,0.337123,-0.000000
0.011902,0.337123,-0.000000
0.162182,0.794285,-0.050000
0.162182,0.794285,-0.050000
0.162182,0.794285,-0.050000
0.162182,0.794285,-0.050000
0.162182,0.794285,-0.050000
0.162182,0.794285,-0.050000
0.162182,0.794285,-0.050000
0.162182,0.794285,-0.050000
0.162182,0.794285,-0.050000
0.162182,0.794285,-0.050000
0.162182,0.794285,-0.050000
0.311215,0.528533,-0.050000
0.311215,0.528533,-0.050000
0.311215,0.528533,-0.050000
0.311215,0.528533,-0.050000
0.311215,0.528533,-0.050000
0.311215,0.528533,-0.050000
0.311215,0.528533,-0.050000
0.311215,0.528533,-0.050000
0.311215,0.528533,-0.050000
0.311215,0.528533,-0.050000
0.311215,0.528533,-0.050000
0.165649,0.601982,-0.050000
0.165649,0.601982,-0.050000
0.165649,0.601982,-0.050000
0.165649,0.601982,-0.050000
0.165649,0.601982,-0.050000
0.165649,0.601982,-0.050000
0.165649,0.601982,-0.050000
0.165649,0.601982,-0.050000
0.165649,0.601982,-0.050000
0.165649,0.601982,-0.050000
0.165649,0.601982,-0.050000
0.262971,0.654079,-0.050000
0.262971,0.654079,-0.050000
0.262971,0.654079,-0.050000
0.262971,0.654079,-0.050000
0.262971,0.654079,-0.050000
0.262971,0.654079,-0.050000
0.262971,0.654079,-0.050000
0.262971,0.654079,-0.050000
0.262971,0.654079,-0.050000
0.262971,0.654079,-0.050000
0.262971,0.654079,-0.050000
0.689215,0.748152,-0.021739
0.689215,0.748152,-0.021739
0.689215,0.748152,-0.021739
0.637523,0.729448,-0.024390
0.637523,0.729448,-0.024390
0.620293,0.673336,-0.025641
0.620293,0.673336,-0.025641
0.620293,0.673336,-0.025641
0.620293,0.673336,-0.025641
0.620293,0.673336,-0.025641
0.620293,0.673336,-0.025641
0.620293,0.673336,-0.025641
0.620293,0.673336,-0.025641
0.620293,0.673336,-0.025641
0.620293,0.673336,-0.025641
0.620293,0.673336,-0.025641
0.620293,0.673336,-0.025641
0.450542,0.083821,-0.000000
0.450542,0.083821,-0.000000
0.450542,0.083821,-0.000000
0.450542,0.083821,-0.000000
0.450542,0.083821,-0.000000
0.450542,0.083821,-0.000000
0.450542,0.083821,-0.000000
0.450542,0.083821,-0.000000
0.450542,0.083821,-0.000000
0.450542,0.083821,-0.000000
0.228977,0.913337,-0.043478
0.228977,0.913337,-0.043478
0.240426,0.867670,-0.045455
0.240426,0.867670,-0.045455
0.246150,0.776337,-0.050000
0.246150,0.776337,-0.050000
0.246150,0.776337,-0.050000
0.246150,0.776337,-0.050000
0.246150,0.776337,-0.050000
0.246150,0.776337,-0.050000
0.246150,0.776337,-0.050000
0.246150,0.776337,-0.050000
0.246150,0.776337,-0.050000
0.246150,0.776337,-0.050000
0.246150,0.776337,-0.050000
0.246150,0.776337,-0.050000
0.152378,0.825817,-0.050000
0.152378,0.825817,-0.050000
0.152378,0.825817,-0.050000
0.152378,0.825817,-0.050000
0.152378,0.825817,-0.050000
0.152378,0.825817,-0.050000
0.152378,0.825817,-0.050000
0.152378,0.825817,-0.050000
0.152378,0.825817,-0.050000
0.152378,0.825817,-0.050000
0.152378,0.825817,-0.050000
0.538342,0.996135,-0.013333
0.538342,0.996135,-0.013333
0.578718,0.896521,-0.022222
0.578718,0.896521,-0.022222
0.619094,0.697294,-0.025641
0.619094,0.697294,-0.025641
0.686387,0.498067,-0.031250
0.659469,0.498067,-0.034483
0.659469,0.498067,-0.034483
0.659469,0.498067,-0.034483
0.659469,0.498067,-0.034483
0.659469,0.498067,-0.034483
0.659469,0.498067,-0.034483
0.659469,0.498067,-0.034483
0.660521,0.494954,-0.037037
0.660521,0.494954,-0.037037
0.660521,0.494954,-0.037037
0.660521,0.494954,-0.037037
0.660521,0.494954,-0.037037
0.660521,0.494954,-0.037037
0.660521,0.494954,-0.037037
0.078176,0.442678,-0.000000
0.078176,0.442678,-0.000000
0.078176,0.442678,-0.000000
0.078176,0.442678,-0.000000
0.078176,0.442678,-0.000000
0.078176,0.442678,-0.000000
0.078176,0.442678,-0.000000
0.078176,0.442678,-0.000000
0.078176,0.442678,-0.000000
0.078176,0.442678,-0.000000
0.106653,0.961898,-0.043478
0.106653,0.961898,-0.043478
0.114652,0.865708,-0.050000
0.114652,0.865708,-0.050000
0.114652,0.865708,-0.050000
0.114652,0.865708,-0.050000
0.114652,0.865708,-0.050000
0.114652,0.865708,-0.050000
0.114652,0.865708,-0.050000
0.114652,0.865708,-0.050000
0.114652,0.865708,-0.050000
0.114652,0.865708,-0.050000
0.114652,0.865708,-0.050000
0.114652,0.865708,-0.050000
0.004634,0.774910,-0.052632
0.004634,0.774910,-0.052632
0.004634,0.774910,-0.052632
0.004634,0.774910,-0.052632
0.004634,0.774910,-0.052632
0.004634,0.774910,-0.052632
0.004634,0.774910,-0.052632
0.004634,0.774910,-0.052632
0.004634,0.774910,-0.052632
0.004634,0.774910,-0.052632
0.004634,0.774910,-0.052632
0.817303,0.868695,-0.015385
0.817303,0.868695,-0.015385
0.878601,0.781825,-0.016129
0.827520,0.738390,-0.017241
0.827520,0.738390,-0.017241
0.817303,0.521217,-0.018519
0.689600,0.586369,-0.022727
0.689600,0.586369,-0.022727
0.689600,0.586369,-0.022727
0.644265,0.665094,-0.025641
0.644265,0.665094,-0.025641
0.430042,0.802185,-0.040000
0.430042,0.802185,-0.040000
0.430042,0.802185,-0.040000
0.430042,0.802185,-0.040000
0.430042,0.802185,-0.040000
0.430042,0.802185,-0.040000
0.430042,0.802185,-0.040000
0.430042,0.802185,-0.040000
0.430042,0.802185,-0.040000
0.430042,0.802185,-0.040000
0.430042,0.802185,-0.040000
0.430042,0.802185,-0.040000
0.430042,0.802185,-0.040000
0.430042,0.802185,-0.040000
0.084436,0.399783,-0.000000
0.084436,0.399783,-0.000000
0.084436,0.399783,-0.000000
0.084436,0.399783,-0.000000
0.084436,0.399783,-0.000000
0.084436,0.399783,-0.000000
0.084436,0.399783,-0.000000
0.084436,0.399783,-0.000000
0.084436,0.399783,-0.000000
0.084436,0.399783,-0.000000
0.259870,0.800068,-0.047619
0.259870,0.800068,-0.047619
0.272864,0.760065,-0.050000
0.272864,0.760065,-0.050000
0.272864,0.760065,-0.050000
0.272864,0.760065,-0.050000
0.272864,0.760065,-0.050000
0.272864,0.760065,-0.050000
0.272864,0.760065,-0.050000
0.272864,0.760065,-0.050000
0.272864,0.760065,-0.050000
0.272864,0.760065,-0.050000
0.272864,0.760065,-0.050000
0.431414,0.910648,-0.032258
0.431414,0.910648,-0.032258
0.463770,0.819583,-0.037037
0.436807,0.774050,-0.040000
0.436807,0.774050,-0.040000
0.442199,0.637453,-0.043478
0.442199,0.637453,-0.043478
0.442199,0.637453,-0.043478
0.442199,0.637453,-0.043478
0.442199,0.637453,-0.043478
0.442199,0.637453,-0.043478
0.442199,0.637453,-0.043478
0.442199,0.637453,-0.043478
0.442199,0.637453,-0.043478
0.442199,0.637453,-0.043478
0.442199,0.637453,-0.043478
0.442199,0.637453,-0.043478
0.442199,0.637453,-0.043478
0.181847,0.263803,-0.000000
0.181847,0.263803,-0.000000
0.181847,0.263803,-0.000000
0.181847,0.263803,-0.000000
0.181847,0.263803,-0.000000
0.181847,0.263803,-0.000000
0.181847,0.263803,-0.000000
0.181847,0.263803,-0.000000
0.181847,0.263803,-0.000000
0.181847,0.263803,-0.000000
0.145539,0.136069,-0.000000
0.145539,0.136069,-0.000000
0.145539,0.136069,-0.000000
0.145539,0.136069,-0.000000
0.145539,0.136069,-0.000000
0.145539,0.136069,-0.000000
0.145539,0.136069,-0.000000
0.145539,0.136069,-0.000000
0.145539,0.136069,-0.000000
0.869292,0.579705,-0.017857
0.869292,0.579705,-0.017857
0.869292,0.579705,-0.017857
0.869292,0.579705,-0.017857
0.869292,0.579705,-0.017857
0.869292,0.579705,-0.017857
0.869292,0.579705,-0.017857
0.869292,0.579705,-0.017857
0.869292,0.579705,-0.017857
0.869292,0.579705,-0.017857
0.869292,0.579705,-0.017857
0.869292,0.579705,-0.017857
0.549860,0.144955,-0.000000
0.549860,0.144955,-0.000000
0.549860,0.144955,-0.000000
0.549860,0.144955,-0.000000
0.549860,0.144955,-0.000000
0.549860,0.144955,-0.000000
0.549860,0.144955,-0.000000
0.549860,0.144955,-0.000000
0.549860,0.144955,-0.000000
0.549860,0.144955,-0.000000
0.549860,0.144955,-0.000000
0.853031,0.622055,-0.017857
0.853031,0.622055,-0.017857
0.853031,0.622055,-0.017857
0.789054,0.606504,-0.018868
0.789054,0.606504,-0.018868
0.701085,0.616223,-0.021277
0.603786,0.566653,-0.025641
0.379199,0.561308,-0.050000
0.379199,0.561308,-0.050000
0.057313,0.506392,-0.052632
0.057313,0.506392,-0.052632
0.057313,0.506392,-0.052632
0.057313,0.506392,-0.052632
0.057313,0.506392,-0.052632
0.057313,0.506392,-0.052632
0.057313,0.506392,-0.052632
0.057313,0.506392,-0.052632
0.057313,0.506392,-0.052632
0.057313,0.506392,-0.052632
0.057313,0.506392,-0.052632
0.057313,0.506392,-0.052632
0.057313,0.506392,-0.052632
0.350952,0.513250,-0.050000
0.350952,0.513250,-0.050000
0.350952,0.513250,-0.050000
0.350952,0.513250,-0.050000
0.350952,0.513250,-0.050000
0.350952,0.513250,-0.050000
0.350952,0.513250,-0.050000
0.350952,0.513250,-0.050000
0.350952,0.513250,-0.050000
0.350952,0.513250,-0.050000
0.350952,0.513250,-0.050000
0.401808,0.075967,-0.000000
0.401808,0.075967,-0.000000
0.401808,0.075967,-0.000000
0.401808,0.075967,-0.000000
0.401808,0.075967,-0.000000
0.401808,0.075967,-0.000000
0.401808,0.075967,-0.000000
0.401808,0.075967,-0.000000
0.401808,0.075967,-0.000000
0.401808,0.075967,-0.000000
0.239916,0.123319,-0.000000
0.239916,0.123319,-0.000000
0.239916,0.123319,-0.000000
0.239916,0.123319,-0.000000
0.239916,0.123319,-0.000000
0.239916,0.123319,-0.000000
0.239916,0.123319,-0.000000
0.239916,0.123319,-0.000000
0.239916,0.123319,-0.000000
0.183908,0.239953,-0.000000
0.183908,0.239953,-0.000000
0.183908,0.239953,-0.000000
0.183908,0.239953,-0.000000
0.183908,0.239953,-0.000000
0.183908,0.239953,-0.000000
0.183908,0.239953,-0.000000
0.183908,0.239953,-0.000000
0.183908,0.239953,-0.000000
0.417267,0.049654,-0.000000
0.417267,0.049654,-0.000000
0.417267,0.049654,-0.000000
0.417267,0.049654,-0.000000
0.417267,0.049654,-0.000000
0.417267,0.049654,-0.000000
0.417267,0.049654,-0.000000
0.417267,0.049654,-0.000000
0.417267,0.049654,-0.000000
0.417267,0.049654,-0.000000
0.902716,0.944787,-0.012658
0.902716,0.944787,-0.012658
0.970420,0.850308,-0.014085
0.914000,0.803069,-0.015385
0.981704,0.708590,-0.015873
0.902716,0.566872,-0.017241
0.902716,0.566872,-0.017241
0.782824,0.513728,-0.019231
0.782824,0.513728,-0.019231
0.782824,0.513728,-0.019231
0.664960,0.514835,-0.025000
0.664960,0.514835,-0.025000
0.664960,0.514835,-0.025000
0.570209,0.542861,-0.027027
0.334863,0.522459,-0.050000
0.334863,0.522459,-0.050000
0.004766,0.530082,-0.052632
0.004766,0.530082,-0.052632
0.004766,0.530082,-0.052632
0.004766,0.530082,-0.052632
0.004766,0.530082,-0.052632
0.004766,0.530082,-0.052632
0.004766,0.530082,-0.052632
0.004766,0.530082,-0.052632
0.004766,0.530082,-0.052632
0.004766,0.530082,-0.052632
0.004766,0.530082,-0.052632
0.004766,0.530082,-0.052632
0.004766,0.530082,-0.052632
0.490864,0.489253,-0.000000
0.490864,0.513715,-0.037037
0.466321,0.513715,-0.043478
0.466321,0.513715,-0.043478
0.466321,0.513715,-0.043478
0.466321,0.513715,-0.043478
0.466321,0.513715,-0.043478
0.466321,0.513715,-0.043478
0.466321,0.513715,-0.043478
0.466321,0.513715,-0.043478
0.466321,0.513715,-0.043478
0.466321,0.513715,-0.043478
0.466321,0.513715,-0.043478
0.337719,0.900054,-0.038462
0.337719,0.900054,-0.038462
0.363048,0.810048,-0.041667
0.363048,0.810048,-0.041667
0.388377,0.630038,-0.045455
0.388377,0.630038,-0.045455
0.388377,0.630038,-0.045455
0.388377,0.630038,-0.045455
0.388377,0.630038,-0.045455
0.388377,0.630038,-0.045455
0.388377,0.630038,-0.045455
0.388377,0.630038,-0.045455
0.388377,0.630038,-0.045455
0.388377,0.630038,-0.045455
0.388377,0.630038,-0.045455
0.388377,0.630038,-0.045455
0.388377,0.630038,-0.045455
0.369247,0.111203,-0.000000
0.369247,0.111203,-0.000000
0.369247,0.111203,-0.000000
0.369247,0.111203,-0.000000
0.369247,0.111203,-0.000000
0.369247,0.111203,-0.000000
0.369247,0.111203,-0.000000
0.369247,0.111203,-0.000000
0.369247,0.111203,-0.000000
0.369247,0.111203,-0.000000
0.780252,0.389739,-0.000000
0.780252,0.389739,-0.000000
0.780252,0.389739,-0.000000
0.780252,0.389739,-0.000000
0.780252,0.389739,-0.000000
0.780252,0.389739,-0.000000
0.780252,0.389739,-0.000000
0.780252,0.389739,-0.000000
0.780252,0.389739,-0.000000
0.780252,0.389739,-0.000000
0.780252,0.389739,-0.000000
0.241691,0.403912,-0.000000
0.241691,0.403912,-0.000000
0.241691,0.403912,-0.000000
0.241691,0.403912,-0.000000
0.241691,0.403912,-0.000000
0.241691,0.403912,-0.000000
0.241691,0.403912,-0.000000
0.241691,0.403912,-0.000000
0.241691,0.403912,-0.000000
0.241691,0.403912,-0.000000
0.096455,0.131973,-0.000000
0.096455,0.131973,-0.000000
0.096455,0.131973,-0.000000
0.096455,0.131973,-0.000000
0.096455,0.131973,-0.000000
0.096455,0.131973,-0.000000
0.096455,0.131973,-0.000000
0.096455,0.131973,-0.000000
0.096455,0.131973,-0.000000
0.942051,0.956135,-0.012048
0.942051,0.956135,-0.012048
0.989153,0.908328,-0.012821
0.918499,0.884424,-0.013889
0.977377,0.776859,-0.014925
0.865509,0.675270,-0.017544
0.865509,0.675270,-0.017544
0.865509,0.675270,-0.017544
0.853733,0.543802,-0.017857
0.730089,0.693198,-0.019608
0.644716,0.504959,-0.026316
0.354741,0.709631,-0.047619
0.269368,0.521392,-0.050000
-0.020607,0.726065,-0.052632
-0.020607,0.726065,-0.052632
-0.020607,0.726065,-0.052632
-0.020607,0.726065,-0.052632
-0.020607,0.726065,-0.052632
-0.020607,0.726065,-0.052632
-0.020607,0.726065,-0.052632
-0.020607,0.726065,-0.052632
-0.020607,0.726065,-0.052632
-0.020607,0.726065,-0.052632
-0.020607,0.726065,-0.052632
-0.020607,0.726065,-0.052632
-0.020607,0.726065,-0.052632
-0.020607,0.726065,-0.052632
-0.020607,0.726065,-0.052632
0.575209,0.059780,-0.000000
0.575209,0.059780,-0.000000
0.575209,0.059780,-0.000000
0.575209,0.059780,-0.000000
0.575209,0.059780,-0.000000
0.575209,0.059780,-0.000000
0.575209,0.059780,-0.000000
0.575209,0.059780,-0.000000
0.575209,0.059780,-0.000000
0.575209,0.059780,-0.000000
0.575209,0.059780,-0.000000
0.234780,0.353159,-0.000000
0.234780,0.353159,-0.000000
0.234780,0.353159,-0.000000
0.234780,0.353159,-0.000000
0.234780,0.353159,-0.000000
0.234780,0.353159,-0.000000
0.234780,0.353159,-0.000000
0.234780,0.353159,-0.000000
0.234780,0.353159,-0.000000
0.234780,0.353159,-0.000000
0.821194,0.015403,-0.000000
0.821194,0.015403,-0.000000
0.821194,0.015403,-0.000000
0.821194,0.015403,-0.000000
0.821194,0.015403,-0.000000
0.821194,0.015403,-0.000000
0.821194,0.015403,-0.000000
0.821194,0.015403,-0.000000
0.821194,0.015403,-0.000000
0.821194,0.015403,-0.000000
0.821194,0.015403,-0.000000
0.043024,0.168990,-0.000000
0.043024,0.168990,-0.000000
0.043024,0.168990,-0.000000
0.043024,0.168990,-0.000000
0.043024,0.168990,-0.000000
0.043024,0.168990,-0.000000
0.043024,0.168990,-0.000000
0.043024,0.168990,-0.000000
0.043024,0.168990,-0.000000
0.649115,0.731722,-0.023810
0.649115,0.731722,-0.023810
0.616660,0.768309,-0.024390
0.616660,0.768309,-0.024390
0.616660,0.768309,-0.024390
0.616660,0.768309,-0.024390
0.616660,0.768309,-0.024390
0.616660,0.768309,-0.024390
0.616660,0.768309,-0.024390
0.616660,0.768309,-0.024390
0.616660,0.768309,-0.024390
0.616660,0.768309,-0.024390
0.616660,0.768309,-0.024390
0.616660,0.768309,-0.024390
0.647746,0.450924,-0.000000
0.647746,0.450924,-0.000000
0.647746,0.450924,-0.000000
0.647746,0.450924,-0.000000
0.647746,0.450924,-0.000000
0.647746,0.450924,-0.000000
0.647746,0.450924,-0.000000
0.647746,0.450924,-0.000000
0.647746,0.450924,-0.000000
0.647746,0.450924,-0.000000
0.647746,0.450924,-0.000000
0.547009,0.296321,-0.000000
0.547009,0.296321,-0.000000
0.547009,0.296321,-0.000000
0.547009,0.296321,-0.000000
0.547009,0.296321,-0.000000
0.547009,0.296321,-0.000000
0.547009,0.296321,-0.000000
0.547009,0.296321,-0.000000
0.547009,0.296321,-0.000000
0.547009,0.296321,-0.000000
0.547009,0.296321,-0.000000
0.744693,0.188955,-0.000000
0.744693,0.188955,-0.000000
0.744693,0.188955,-0.000000
0.744693,0.188955,-0.000000
0.744693,0.188955,-0.000000
0.744693,0.188955,-0.000000
0.744693,0.188955,-0.000000
0.744693,0.188955,-0.000000
0.744693,0.188955,-0.000000
0.744693,0.188955,-0.000000
0.744693,0.188955,-0.000000
0.686775,0.183511,-0.000000
0.686775,0.183511,-0.000000
0.686775,0.183511,-0.000000
0.686775,0.183511,-0.000000
0.686775,0.183511,-0.000000
0.686775,0.183511,-0.000000
0.686775,0.183511,-0.000000
0.686775,0.183511,-0.000000
0.686775,0.183511,-0.000000
0.686775,0.183511,-0.000000
0.686775,0.183511,-0.000000
0.368485,0.625619,-0.050000
0.368485,0.625619,-0.050000
0.368485,0.625619,-0.050000
0.368485,0.625619,-0.050000
0.368485,0.625619,-0.050000
0.368485,0.625619,-0.050000
0.368485,0.625619,-0.050000
0.368485,0.625619,-0.050000
0.368485,0.625619,-0.050000
0.368485,0.625619,-0.050000
0.368485,0.625619,-0.050000
0.368485,0.625619,-0.050000
0.368485,0.625619,-0.050000
0.780227,0.081126,-0.000000
0.780227,0.081126,-0.000000
0.780227,0.081126,-0.000000
0.780227,0.081126,-0.000000
0.780227,0.081126,-0.000000
0.780227,0.081126,-0.000000
0.780227,0.081126,-0.000000
0.780227,0.081126,-0.000000
0.780227,0.081126,-0.000000
0.780227,0.081126,-0.000000
0.780227,0.081126,-0.000000
0.929386,0.775713,-0.015873
0.929386,0.775713,-0.015873
0.929386,0.775713,-0.015873
0.859682,0.756320,-0.016949
0.859682,0.756320,-0.016949
0.789978,0.659356,-0.017857
0.662188,0.688445,-0.023810
0.458884,0.509061,-0.043478
0.331094,0.538151,-0.050000
0.331094,0.538151,-0.050000
0.331094,0.538151,-0.050000
0.331094,0.538151,-0.050000
0.331094,0.538151,-0.050000
0.331094,0.538151,-0.050000
0.331094,0.538151,-0.050000
0.331094,0.538151,-0.050000
0.331094,0.538151,-0.050000
0.331094,0.538151,-0.050000
0.331094,0.538151,-0.050000
0.331094,0.538151,-0.050000
0.331094,0.538151,-0.050000
0.331094,0.538151,-0.050000
0.331094,0.538151,-0.050000
0.486792,0.435859,-0.000000
0.486792,0.435859,-0.000000
0.486792,0.435859,-0.000000
0.486792,0.435859,-0.000000
0.486792,0.435859,-0.000000
0.486792,0.435859,-0.000000
0.486792,0.435859,-0.000000
0.486792,0.435859,-0.000000
0.486792,0.435859,-0.000000
0.486792,0.435859,-0.000000
0.446784,0.306349,-0.000000
0.446784,0.306349,-0.000000
0.446784,0.306349,-0.000000
0.446784,0.306349,-0.000000
0.446784,0.306349,-0.000000
0.446784,0.306349,-0.000000
0.446784,0.306349,-0.000000
0.446784,0.306349,-0.000000
0.446784,0.306349,-0.000000
0.446784,0.306349,-0.000000
0.508509,0.510772,-0.028571
0.508509,0.510772,-0.028571
0.508509,0.510772,-0.028571
0.521221,0.498002,-0.040000
0.508509,0.498002,-0.041667
0.508509,0.498002,-0.041667
0.508509,0.498002,-0.041667
0.508509,0.498002,-0.041667
0.510892,0.496406,-0.043478
0.507714,0.496406,-0.047619
0.507714,0.496406,-0.047619
0.507714,0.496406,-0.047619
0.507714,0.496406,-0.047619
0.507714,0.496406,-0.047619
0.507714,0.496406,-0.047619
0.507714,0.496406,-0.047619
0.507714,0.496406,-0.047619
0.817628,0.794831,-0.016949
0.817628,0.794831,-0.016949
0.817628,0.794831,-0.016949
0.797187,0.735219,-0.017544
0.705204,0.784896,-0.019608
0.618331,0.690510,-0.025641
0.390928,0.742671,-0.040000
0.304055,0.648284,-0.050000
0.304055,0.648284,-0.050000
-0.010220,0.606059,-0.052632
-0.010220,0.606059,-0.052632
-0.010220,0.606059,-0.052632
-0.010220,0.606059,-0.052632
-0.010220,0.606059,-0.052632
-0.010220,0.606059,-0.052632
-0.010220,0.606059,-0.052632
-0.010220,0.606059,-0.052632
-0.010220,0.606059,-0.052632
-0.010220,0.606059,-0.052632
-0.010220,0.606059,-0.052632
-0.010220,0.606059,-0.052632
0.644318,0.378609,-0.000000
0.644318,0.378609,-0.000000
0.644318,0.378609,-0.000000
0.644318,0.378609,-0.000000
0.644318,0.378609,-0.000000
0.644318,0.378609,-0.000000
0.644318,0.378609,-0.000000
0.644318,0.378609,-0.000000
0.644318,0.378609,-0.000000
0.644318,0.378609,-0.000000
0.644318,0.378609,-0.000000
0.811580,0.532826,-0.018519
0.811580,0.532826,-0.018519
0.730422,0.572788,-0.020000
0.689843,0.539486,-0.022727
0.507238,0.602759,-0.027778
0.334777,0.567792,-0.050000
0.334777,0.567792,-0.050000
-0.020290,0.596099,-0.052632
-0.020290,0.596099,-0.052632
-0.020290,0.596099,-0.052632
-0.020290,0.596099,-0.052632
-0.020290,0.596099,-0.052632
-0.020290,0.596099,-0.052632
-0.020290,0.596099,-0.052632
-0.020290,0.596099,-0.052632
-0.020290,0.596099,-0.052632
-0.020290,0.596099,-0.052632
-0.020290,0.596099,-0.052632
-0.020290,0.596099,-0.052632
-0.020290,0.596099,-0.052632
0.350727,0.939002,-0.032258
0.350727,0.939002,-0.032258
0.377032,0.845101,-0.038462
0.355111,0.798151,-0.041667
0.396760,0.586876,-0.045455
0.374840,0.539926,-0.050000
0.374840,0.539926,-0.050000
0.374840,0.539926,-0.050000
0.374840,0.539926,-0.050000
0.374840,0.539926,-0.050000
0.374840,0.539926,-0.050000
0.374840,0.539926,-0.050000
0.374840,0.539926,-0.050000
0.374840,0.539926,-0.050000
0.374840,0.539926,-0.050000
0.374840,0.539926,-0.050000
0.374840,0.539926,-0.050000
0.374840,0.539926,-0.050000
0.374840,0.539926,-0.050000
0.875943,0.550156,-0.017857
0.875943,0.550156,-0.017857
0.875943,0.550156,-0.017857
0.875943,0.550156,-0.017857
0.875943,0.550156,-0.017857
0.875943,0.550156,-0.017857
0.875943,0.550156,-0.017857
0.875943,0.550156,-0.017857
0.875943,0.550156,-0.017857
0.875943,0.550156,-0.017857
0.875943,0.550156,-0.017857
0.875943,0.550156,-0.017857
0.622475,0.587045,-0.025641
0.622475,0.587045,-0.025641
0.622475,0.587045,-0.025641
0.622475,0.587045,-0.025641
0.622475,0.587045,-0.025641
0.622475,0.587045,-0.025641
0.622475,0.587045,-0.025641
0.622475,0.587045,-0.025641
0.622475,0.587045,-0.025641
0.622475,0.587045,-0.025641
0.622475,0.587045,-0.025641
0.207742,0.301246,-0.000000
0.207742,0.301246,-0.000000
0.207742,0.301246,-0.000000
0.207742,0.301246,-0.000000
0.207742,0.301246,-0.000000
0.207742,0.301246,-0.000000
0.207742,0.301246,-0.000000
0.207742,0.301246,-0.000000
0.207742,0.301246,-0.000000
0.207742,0.301246,-0.000000
0.470923,0.230488,-0.000000
0.470923,0.230488,-0.000000
0.470923,0.230488,-0.000000
0.470923,0.230488,-0.000000
0.470923,0.230488,-0.000000
0.470923,0.230488,-0.000000
0.470923,0.230488,-0.000000
0.470923,0.230488,-0.000000
0.470923,0.230488,-0.000000
0.470923,0.230488,-0.000000
0.844309,0.194764,-0.000000
0.844309,0.194764,-0.000000
0.844309,0.194764,-0.000000
0.844309,0.194764,-0.000000
0.844309,0.194764,-0.000000
0.844309,0.194764,-0.000000
0.844309,0.194764,-0.000000
0.844309,0.194764,-0.000000
0.844309,0.194764,-0.000000
0.844309,0.194764,-0.000000
0.844309,0.194764,-0.000000
0.225922,0.170708,-0.000000
0.225922,0.170708,-0.000000
0.225922,0.170708,-0.000000
0.225922,0.170708,-0.000000
0.225922,0.170708,-0.000000
0.225922,0.170708,-0.000000
0.225922,0.170708,-0.000000
0.225922,0.170708,-0.000000
0.225922,0.170708,-0.000000
0.227664,0.435699,-0.000000
0.227664,0.435699,-0.000000
0.227664,0.435699,-0.000000
0.227664,0.435699,-0.000000
0.227664,0.435699,-0.000000
0.227664,0.435699,-0.000000
0.227664,0.435699,-0.000000
0.227664,0.435699,-0.000000
0.227664,0.435699,-0.000000
0.227664,0.435699,-0.000000
0.311102,0.923380,-0.035714
0.311102,0.923380,-0.035714
0.334435,0.831042,-0.041667
0.314991,0.784873,-0.045455
0.338324,0.692535,-0.050000
0.338324,0.692535,-0.050000
0.338324,0.692535,-0.050000
0.338324,0.692535,-0.050000
0.338324,0.692535,-0.050000
0.338324,0.692535,-0.050000
0.338324,0.692535,-0.050000
0.338324,0.692535,-0.050000
0.338324,0.692535,-0.050000
0.338324,0.692535,-0.050000
0.338324,0.692535,-0.050000
0.338324,0.692535,-0.050000
0.338324,0.692535,-0.050000
0.430207,0.184816,-0.000000
0.430207,0.184816,-0.000000
0.430207,0.184816,-0.000000
0.430207,0.184816,-0.000000
0.430207,0.184816,-0.000000
0.430207,0.184816,-0.000000
0.430207,0.184816,-0.000000
0.430207,0.184816,-0.000000
0.430207,0.184816,-0.000000
0.430207,0.184816,-0.000000
0.904881,0.979748,-0.011111
0.904881,0.979748,-0.011111
0.972747,0.881774,-0.013333
0.916192,0.832786,-0.015385
0.984058,0.734811,-0.015873
0.904881,0.587849,-0.017241
0.904881,0.587849,-0.017241
0.784701,0.532738,-0.018868
0.784701,0.532738,-0.018868
0.784701,0.532738,-0.018868
0.666554,0.533886,-0.025000
0.666554,0.533886,-0.025000
0.655354,0.496476,-0.034483
0.537207,0.497624,-0.040000
0.537207,0.497624,-0.040000
0.537207,0.497624,-0.040000
0.537207,0.497624,-0.040000
0.537207,0.497624,-0.040000
0.537207,0.497624,-0.040000
0.564547,0.496186,-0.041667
0.460071,0.496615,-0.090909
0.460071,0.496615,-0.090909
0.460071,0.496615,-0.090909
0.407832,0.496830,-0.125000
0.407832,0.496830,-0.125000
0.407832,0.496830,-0.125000
0.407832,0.496830,-0.125000
0.407832,0.496830,-0.125000
0.407832,0.496830,-0.125000
0.407832,0.496830,-0.125000
0.407832,0.496830,-0.125000
0.407832,0.496830,-0.125000
0.407832,0.496830,-0.125000
0.407832,0.496830,-0.125000
0.407832,0.496830,-0.125000
0.407832,0.496830,-0.125000
0.407832,0.496830,-0.125000
0.438870,0.111119,-0.000000
0.438870,0.111119,-0.000000
0.438870,0.111119,-0.000000
0.438870,0.111119,-0.000000
0.438870,0.111119,-0.000000
0.438870,0.111119,-0.000000
0.438870,0.111119,-0.000000
0.438870,0.111119,-0.000000
0.438870,0.111119,-0.000000
0.438870,0.111119,-0.000000
0.258065,0.408720,-0.000000
0.258065,0.408720,-0.000000
0.258065,0.408720,-0.000000
0.258065,0.408720,-0.000000
0.258065,0.408720,-0.000000
0.258065,0.408720,-0.000000
0.258065,0.408720,-0.000000
0.258065,0.408720,-0.000000
0.258065,0.408720,-0.000000
0.258065,0.408720,-0.000000
0.594896,0.262212,-0.000000
0.594896,0.262212,-0.000000
0.594896,0.262212,-0.000000
0.594896,0.262212,-0.000000
0.594896,0.262212,-0.000000
0.594896,0.262212,-0.000000
0.594896,0.262212,-0.000000
0.594896,0.262212,-0.000000
0.594896,0.262212,-0.000000
0.594896,0.262212,-0.000000
0.594896,0.262212,-0.000000
0.602843,0.711216,-0.025641
0.602843,0.711216,-0.025641
0.602843,0.711216,-0.025641
0.602843,0.711216,-0.025641
0.602843,0.711216,-0.025641
0.602843,0.711216,-0.025641
0.602843,0.711216,-0.025641
0.602843,0.711216,-0.025641
0.602843,0.711216,-0.025641
0.602843,0.711216,-0.025641
0.602843,0.711216,-0.025641
0.602843,0.711216,-0.025641
0.602843,0.711216,-0.025641
0.221747,0.117418,-0.000000
0.221747,0.117418,-0.000000
0.221747,0.117418,-0.000000
0.221747,0.117418,-0.000000
0.221747,0.117418,-0.000000
0.221747,0.117418,-0.000000
0.221747,0.117418,-0.000000
0.221747,0.117418,-0.000000
0.221747,0.117418,-0.000000
0.296676,0.318778,-0.000000
0.296676,0.318778,-0.000000
0.296676,0.318778,-0.000000
0.296676,0.318778,-0.000000
0.296676,0.318778,-0.000000
0.296676,0.318778,-0.000000
0.296676,0.318778,-0.000000
0.296676,0.318778,-0.000000
0.296676,0.318778,-0.000000
0.296676,0.318778,-0.000000
0.424167,0.507858,-0.045455
0.424167,0.507858,-0.045455
0.381750,0.545948,-0.050000
0.381750,0.545948,-0.050000
0.381750,0.545948,-0.050000
0.381750,0.545948,-0.050000
0.381750,0.545948,-0.050000
0.381750,0.545948,-0.050000
0.381750,0.545948,-0.050000
0.381750,0.545948,-0.050000
0.381750,0.545948,-0.050000
0.381750,0.545948,-0.050000
0.381750,0.545948,-0.050000
0.085516,0.262482,-0.000000
0.085516,0.262482,-0.000000
0.085516,0.262482,-0.000000
0.085516,0.262482,-0.000000
0.085516,0.262482,-0.000000
0.085516,0.262482,-0.000000
0.085516,0.262482,-0.000000
0.085516,0.262482,-0.000000
0.085516,0.262482,-0.000000
0.085516,0.262482,-0.000000
0.801015,0.029220,-0.000000
0.801015,0.029220,-0.000000
0.801015,0.029220,-0.000000
0.801015,0.029220,-0.000000
0.801015,0.029220,-0.000000
0.801015,0.029220,-0.000000
0.801015,0.029220,-0.000000
0.801015,0.029220,-0.000000
0.801015,0.029220,-0.000000
0.801015,0.029220,-0.000000
0.801015,0.029220,-0.000000
0.928854,0.730331,-0.016667
0.928854,0.730331,-0.016667
0.928854,0.730331,-0.016667
0.928854,0.730331,-0.016667
0.928854,0.730331,-0.016667
0.928854,0.730331,-0.016667
0.928854,0.730331,-0.016667
0.928854,0.730331,-0.016667
0.928854,0.730331,-0.016667
0.928854,0.730331,-0.016667
0.928854,0.730331,-0.016667
0.928854,0.730331,-0.016667
0.928854,0.730331,-0.016667
0.488609,0.578525,-0.037037
0.488609,0.578525,-0.037037
0.464179,0.607451,-0.043478
0.464179,0.607451,-0.043478
0.464179,0.607451,-0.043478
0.464179,0.607451,-0.043478
0.464179,0.607451,-0.043478
0.464179,0.607451,-0.043478
0.464179,0.607451,-0.043478
0.464179,0.607451,-0.043478
0.464179,0.607451,-0.043478
0.464179,0.607451,-0.043478
0.464179,0.607451,-0.043478
0.464179,0.607451,-0.043478
0.237284,0.458849,-0.000000
0.237284,0.458849,-0.000000
0.237284,0.458849,-0.000000
0.237284,0.458849,-0.000000
0.237284,0.458849,-0.000000
0.237284,0.458849,-0.000000
0.237284,0.458849,-0.000000
0.237284,0.458849,-0.000000
0.237284,0.458849,-0.000000
0.237284,0.458849,-0.000000
0.963089,0.546806,-0.016949
0.963089,0.546806,-0.016949
0.866780,0.587816,-0.017857
0.866780,0.587816,-0.017857
0.674162,0.628827,-0.022727
0.674162,0.628827,-0.022727
0.288927,0.751858,-0.050000
0.288927,0.751858,-0.050000
-0.096309,0.847549,-0.052632
-0.096309,0.847549,-0.052632
-0.096309,0.847549,-0.052632
-0.096309,0.847549,-0.052632
-0.096309,0.847549,-0.052632
-0.096309,0.847549,-0.052632
-0.096309,0.847549,-0.052632
-0.096309,0.847549,-0.052632
-0.096309,0.847549,-0.052632
-0.096309,0.847549,-0.052632
-0.096309,0.847549,-0.052632
-0.096309,0.847549,-0.052632
-0.096309,0.847549,-0.052632
-0.096309,0.847549,-0.052632
0.521136,0.231594,-0.000000
0.521136,0.231594,-0.000000
0.521136,0.231594,-0.000000
0.521136,0.231594,-0.000000
0.521136,0.231594,-0.000000
0.521136,0.231594,-0.000000
0.521136,0.231594,-0.000000
0.521136,0.231594,-0.000000
0.521136,0.231594,-0.000000
0.521136,0.231594,-0.000000
0.521136,0.231594,-0.000000
0.488898,0.624060,-0.034483
0.488898,0.624060,-0.034483
0.464453,0.655263,-0.041667
0.464453,0.624060,-0.043478
0.464453,0.624060,-0.043478
0.464453,0.624060,-0.043478
0.464453,0.624060,-0.043478
0.464453,0.624060,-0.043478
0.464453,0.624060,-0.043478
0.464453,0.624060,-0.043478
0.464453,0.624060,-0.043478
0.464453,0.624060,-0.043478
0.464453,0.624060,-0.043478
0.464453,0.624060,-0.043478
0.679136,0.395515,-0.000000
0.679136,0.395515,-0.000000
0.679136,0.395515,-0.000000
0.679136,0.395515,-0.000000
0.679136,0.395515,-0.000000
0.679136,0.395515,-0.000000
0.679136,0.395515,-0.000000
0.679136,0.395515,-0.000000
0.679136,0.395515,-0.000000
0.679136,0.395515,-0.000000
0.679136,0.395515,-0.000000
0.367437,0.987982,-0.021277
0.367437,0.987982,-0.021277
0.394994,0.889184,-0.037037
0.394994,0.889184,-0.037037
0.404180,0.790386,-0.040000
0.404180,0.790386,-0.040000
0.404180,0.790386,-0.040000
0.404180,0.790386,-0.040000
0.404180,0.790386,-0.040000
0.404180,0.790386,-0.040000
0.404180,0.790386,-0.040000
0.404180,0.790386,-0.040000
0.404180,0.790386,-0.040000
0.404180,0.790386,-0.040000
0.404180,0.790386,-0.040000
0.404180,0.790386,-0.040000
0.037739,0.885168,-0.052632
0.037739,0.885168,-0.052632
0.037739,0.885168,-0.052632
0.037739,0.885168,-0.052632
0.037739,0.885168,-0.052632
0.037739,0.885168,-0.052632
0.037739,0.885168,-0.052632
0.037739,0.885168,-0.052632
0.037739,0.885168,-0.052632
0.037739,0.885168,-0.052632
0.037739,0.885168,-0.052632
0.913287,0.796184,-0.015625
0.913287,0.796184,-0.015625
0.867622,0.835993,-0.015873
0.867622,0.835993,-0.015873
0.867622,0.835993,-0.015873
0.867622,0.835993,-0.015873
0.867622,0.835993,-0.015873
0.867622,0.835993,-0.015873
0.867622,0.835993,-0.015873
0.867622,0.835993,-0.015873
0.867622,0.835993,-0.015873
0.867622,0.835993,-0.015873
0.867622,0.835993,-0.015873
0.867622,0.835993,-0.015873
0.098712,0.261871,-0.000000
0.098712,0.261871,-0.000000
0.098712,0.261871,-0.000000
0.098712,0.261871,-0.000000
0.098712,0.261871,-0.000000
0.098712,0.261871,-0.000000
0.098712,0.261871,-0.000000
0.098712,0.261871,-0.000000
0.098712,0.261871,-0.000000
0.098712,0.261871,-0.000000
0.335357,0.679728,-0.050000
0.335357,0.679728,-0.050000
0.335357,0.679728,-0.050000
0.335357,0.679728,-0.050000
0.335357,0.679728,-0.050000
0.335357,0.679728,-0.050000
0.335357,0.679728,-0.050000
0.335357,0.679728,-0.050000
0.335357,0.679728,-0.050000
0.335357,0.679728,-0.050000
0.335357,0.679728,-0.050000
0.136553,0.721227,-0.050000
0.136553,0.721227,-0.050000
0.136553,0.721227,-0.050000
0.136553,0.721227,-0.050000
0.136553,0.721227,-0.050000
0.136553,0.721227,-0.050000
0.136553,0.721227,-0.050000
0.136553,0.721227,-0.050000
0.136553,0.721227,-0.050000
0.136553,0.721227,-0.050000
0.136553,0.721227,-0.050000
0.106762,0.653757,-0.050000
0.106762,0.653757,-0.050000
0.106762,0.653757,-0.050000
0.106762,0.653757,-0.050000
0.106762,0.653757,-0.050000
0.106762,0.653757,-0.050000
0.106762,0.653757,-0.050000
0.106762,0.653757,-0.050000
0.106762,0.653757,-0.050000
0.106762,0.653757,-0.050000
0.106762,0.653757,-0.050000
0.494174,0.779052,-0.031250
0.494174,0.779052,-0.031250
0.444757,0.837481,-0.037037
0.444757,0.798528,-0.040000
0.444757,0.798528,-0.040000
0.444757,0.798528,-0.040000
0.444757,0.798528,-0.040000
0.444757,0.798528,-0.040000
0.444757,0.798528,-0.040000
0.444757,0.798528,-0.040000
0.444757,0.798528,-0.040000
0.444757,0.798528,-0.040000
0.444757,0.798528,-0.040000
0.444757,0.798528,-0.040000
0.444757,0.798528,-0.040000
0.444757,0.798528,-0.040000
0.715037,0.903721,-0.016393
0.715037,0.903721,-0.016393
0.750789,0.858535,-0.017241
0.697161,0.835942,-0.018868
0.697161,0.835942,-0.018868
0.643533,0.722976,-0.024390
0.643533,0.722976,-0.024390
0.482650,0.564825,-0.038462
0.482650,0.564825,-0.038462
0.482650,0.564825,-0.038462
0.482650,0.564825,-0.038462
0.464774,0.497046,-0.083333
0.464774,0.497046,-0.083333
0.464774,0.497046,-0.083333
0.429022,0.497046,-0.100000
0.429022,0.497046,-0.100000
0.429022,0.497046,-0.100000
0.429022,0.497046,-0.100000
0.429022,0.497046,-0.100000
0.429022,0.497046,-0.100000
0.429022,0.497046,-0.100000
0.429022,0.497046,-0.100000
0.429022,0.497046,-0.100000
0.429022,0.497046,-0.100000
0.429022,0.497046,-0.100000
0.429022,0.497046,-0.100000
0.429022,0.497046,-0.100000
0.890923,0.334163,-0.000000
0.890923,0.334163,-0.000000
0.890923,0.334163,-0.000000
0.890923,0.334163,-0.000000
0.890923,0.334163,-0.000000
0.890923,0.334163,-0.000000
0.890923,0.334163,-0.000000
0.890923,0.334163,-0.000000
0.890923,0.334163,-0.000000
0.890923,0.334163,-0.000000
0.890923,0.334163,-0.000000
0.698746,0.197810,-0.000000
0.698746,0.197810,-0.000000
0.698746,0.197810,-0.000000
0.698746,0.197810,-0.000000
0.698746,0.197810,-0.000000
0.698746,0.197810,-0.000000
0.698746,0.197810,-0.000000
0.698746,0.197810,-0.000000
0.698746,0.197810,-0.000000
0.698746,0.197810,-0.000000
0.698746,0.197810,-0.000000
0.030541,0.744074,-0.052632
0.030541,0.744074,-0.052632
0.030541,0.744074,-0.052632
0.030541,0.744074,-0.052632
0.030541,0.744074,-0.052632
0.030541,0.744074,-0.052632
0.030541,0.744074,-0.052632
0.030541,0.744074,-0.052632
0.030541,0.744074,-0.052632
0.030541,0.744074,-0.052632
0.030541,0.744074,-0.052632
0.500022,0.479922,-0.000000
0.500022,0.503918,-0.030303
0.475021,0.503918,-0.043478
0.475021,0.503918,-0.043478
0.475021,0.503918,-0.043478
0.475021,0.503918,-0.043478
0.475021,0.503918,-0.043478
0.475021,0.503918,-0.043478
0.475021,0.503918,-0.043478
0.475021,0.503918,-0.043478
0.475021,0.503918,-0.043478
0.475021,0.503918,-0.043478
0.475021,0.503918,-0.043478
0.904722,0.609867,-0.016949
0.904722,0.609867,-0.016949
0.949958,0.579373,-0.017241
0.949958,0.579373,-0.017241
0.949958,0.579373,-0.017241
0.949958,0.579373,-0.017241
0.949958,0.579373,-0.017241
0.949958,0.579373,-0.017241
0.949958,0.579373,-0.017241
0.949958,0.579373,-0.017241
0.949958,0.579373,-0.017241
0.949958,0.579373,-0.017241
0.949958,0.579373,-0.017241
0.949958,0.579373,-0.017241
0.617666,0.859442,-0.022222
0.617666,0.859442,-0.022222
0.617666,0.859442,-0.022222
0.571341,0.837956,-0.023810
0.571341,0.837956,-0.023810
0.525016,0.730526,-0.027027
0.440087,0.762755,-0.040000
0.304973,0.564009,-0.050000
0.304973,0.564009,-0.050000
0.304973,0.564009,-0.050000
0.304973,0.564009,-0.050000
0.304973,0.564009,-0.050000
0.304973,0.564009,-0.050000
0.304973,0.564009,-0.050000
0.304973,0.564009,-0.050000
0.304973,0.564009,-0.050000
0.304973,0.564009,-0.050000
0.304973,0.564009,-0.050000
0.304973,0.564009,-0.050000
0.304973,0.564009,-0.050000
0.304973,0.564009,-0.050000
0.805489,0.576722,-0.018519
0.805489,0.576722,-0.018519
0.724940,0.619976,-0.020000
0.724940,0.619976,-0.020000
0.644392,0.634394,-0.025641
0.644392,0.634394,-0.025641
0.644392,0.634394,-0.025641
0.644392,0.634394,-0.025641
0.644392,0.634394,-0.025641
0.644392,0.634394,-0.025641
0.644392,0.634394,-0.025641
0.644392,0.634394,-0.025641
0.644392,0.634394,-0.025641
0.644392,0.634394,-0.025641
0.644392,0.634394,-0.025641
0.644392,0.634394,-0.025641
0.182922,0.239932,-0.000000
0.182922,0.239932,-0.000000
0.182922,0.239932,-0.000000
0.182922,0.239932,-0.000000
0.182922,0.239932,-0.000000
0.182922,0.239932,-0.000000
0.182922,0.239932,-0.000000
0.182922,0.239932,-0.000000
0.182922,0.239932,-0.000000
0.886512,0.028674,-0.000000
0.886512,0.028674,-0.000000
0.886512,0.028674,-0.000000
0.886512,0.028674,-0.000000
0.886512,0.028674,-0.000000
0.886512,0.028674,-0.000000
0.886512,0.028674,-0.000000
0.886512,0.028674,-0.000000
0.886512,0.028674,-0.000000
0.886512,0.028674,-0.000000
0.886512,0.028674,-0.000000
0.489901,0.167927,-0.000000
0.489901,0.167927,-0.000000
0.489901,0.167927,-0.000000
0.489901,0.167927,-0.000000
0.489901,0.167927,-0.000000
0.489901,0.167927,-0.000000
0.489901,0.167927,-0.000000
0.489901,0.167927,-0.000000
0.489901,0.167927,-0.000000
0.489901,0.167927,-0.000000
0.978681,0.712694,-0.015873
0.978681,0.712694,-0.015873
0.880813,0.766147,-0.016667
0.880813,0.766147,-0.016667
0.685076,0.819599,-0.020833
0.685076,0.819599,-0.020833
0.489340,0.908685,-0.026316
0.391472,0.881959,-0.037037
0.391472,0.881959,-0.037037
-0.097868,0.962138,-0.052632
-0.097868,0.962138,-0.052632
-0.097868,0.962138,-0.052632
-0.097868,0.962138,-0.052632
-0.097868,0.962138,-0.052632
-0.097868,0.962138,-0.052632
-0.097868,0.962138,-0.052632
-0.097868,0.962138,-0.052632
-0.097868,0.962138,-0.052632
-0.097868,0.962138,-0.052632
-0.097868,0.962138,-0.052632
-0.097868,0.962138,-0.052632
-0.097868,0.962138,-0.052632
-0.097868,0.962138,-0.052632
-0.097868,0.962138,-0.052632
-0.097868,0.962138,-0.052632
0.500472,0.471088,-0.000000
0.500472,0.471088,-0.000000
0.500472,0.471088,-0.000000
0.500472,0.471088,-0.000000
0.500472,0.471088,-0.000000
0.500472,0.471088,-0.000000
0.500472,0.471088,-0.000000
0.500472,0.471088,-0.000000
0.500472,0.471088,-0.000000
0.500472,0.471088,-0.000000
0.059619,0.681972,-0.052632
0.059619,0.681972,-0.052632
0.059619,0.681972,-0.052632
0.059619,0.681972,-0.052632
0.059619,0.681972,-0.052632
0.059619,0.681972,-0.052632
0.059619,0.681972,-0.052632
0.059619,0.681972,-0.052632
0.059619,0.681972,-0.052632
0.059619,0.681972,-0.052632
0.059619,0.681972,-0.052632
0.059619,0.681972,-0.052632
0.042431,0.071445,-0.000000
0.042431,0.071445,-0.000000
0.042431,0.071445,-0.000000
0.042431,0.071445,-0.000000
0.042431,0.071445,-0.000000
0.042431,0.071445,-0.000000
0.042431,0.071445,-0.000000
0.042431,0.071445,-0.000000
0.521650,0.096730,-0.000000
0.521650,0.096730,-0.000000
0.521650,0.096730,-0.000000
0.521650,0.096730,-0.000000
0.521650,0.096730,-0.000000
0.521650,0.096730,-0.000000
0.521650,0.096730,-0.000000
0.521650,0.096730,-0.000000
0.521650,0.096730,-0.000000
0.521650,0.096730,-0.000000
0.521650,0.096730,-0.000000
0.818149,0.817547,-0.016393
0.818149,0.817547,-0.016393
0.859056,0.776670,-0.016667
0.797695,0.756231,-0.017544
0.797695,0.756231,-0.017544
0.736334,0.654038,-0.020000
0.623838,0.684696,-0.025641
0.562477,0.582502,-0.027027
0.306806,0.592722,-0.050000
0.306806,0.592722,-0.050000
0.306806,0.592722,-0.050000
0.306806,0.592722,-0.050000
0.306806,0.592722,-0.050000
0.306806,0.592722,-0.050000
0.306806,0.592722,-0.050000
0.306806,0.592722,-0.050000
0.306806,0.592722,-0.050000
0.306806,0.592722,-0.050000
0.306806,0.592722,-0.050000
0.306806,0.592722,-0.050000
0.306806,0.592722,-0.050000
0.306806,0.592722,-0.050000
0.306806,0.592722,-0.050000
0.722440,0.149865,-0.000000
0.722440,0.149865,-0.000000
0.722440,0.149865,-0.000000
0.722440,0.149865,-0.000000
0.722440,0.149865,-0.000000
0.722440,0.149865,-0.000000
0.722440,0.149865,-0.000000
0.722440,0.149865,-0.000000
0.722440,0.149865,-0.000000
0.722440,0.149865,-0.000000
0.722440,0.149865,-0.000000
0.659605,0.518595,-0.025000
0.659605,0.518595,-0.025000
0.593645,0.557490,-0.026316
0.593645,0.557490,-0.026316
0.461724,0.596384,-0.043478
0.461724,0.596384,-0.043478
0.329803,0.661209,-0.050000
0.329803,0.661209,-0.050000
0.329803,0.661209,-0.050000
0.329803,0.661209,-0.050000
0.329803,0.661209,-0.050000
0.329803,0.661209,-0.050000
0.329803,0.661209,-0.050000
0.329803,0.661209,-0.050000
0.329803,0.661209,-0.050000
0.329803,0.661209,-0.050000
0.329803,0.661209,-0.050000
0.329803,0.661209,-0.050000
0.329803,0.661209,-0.050000
0.972975,0.648991,-0.016393
0.972975,0.648991,-0.016393
0.875677,0.697666,-0.016949
0.827028,0.657104,-0.017544
0.608109,0.734172,-0.025000
0.401352,0.691582,-0.041667
-0.139865,0.824422,-0.052632
-0.139865,0.824422,-0.052632
-0.139865,0.824422,-0.052632
-0.139865,0.824422,-0.052632
-0.139865,0.824422,-0.052632
-0.139865,0.824422,-0.052632
-0.139865,0.824422,-0.052632
-0.139865,0.824422,-0.052632
-0.139865,0.824422,-0.052632
-0.139865,0.824422,-0.052632
-0.139865,0.824422,-0.052632
-0.139865,0.824422,-0.052632
-0.139865,0.824422,-0.052632
-0.139865,0.824422,-0.052632
-0.139865,0.824422,-0.052632
-0.139865,0.824422,-0.052632
0.800331,0.453798,-0.000000
0.800331,0.453798,-0.000000
0.800331,0.453798,-0.000000
0.800331,0.453798,-0.000000
0.800331,0.453798,-0.000000
0.800331,0.453798,-0.000000
0.800331,0.453798,-0.000000
0.800331,0.453798,-0.000000
0.800331,0.453798,-0.000000
0.800331,0.453798,-0.000000
0.800331,0.453798,-0.000000
0.432392,0.825314,-0.038462
0.432392,0.825314,-0.038462
0.432392,0.825314,-0.038462
0.432392,0.784048,-0.040000
0.432392,0.784048,-0.040000
0.432392,0.784048,-0.040000
0.432392,0.784048,-0.040000
0.432392,0.784048,-0.040000
0.432392,0.784048,-0.040000
0.432392,0.784048,-0.040000
0.432392,0.784048,-0.040000
0.432392,0.784048,-0.040000
0.432392,0.784048,-0.040000
0.432392,0.784048,-0.040000
0.083470,0.133171,-0.000000
0.083470,0.133171,-0.000000
0.083470,0.133171,-0.000000
0.083470,0.133171,-0.000000
0.083470,0.133171,-0.000000
0.083470,0.133171,-0.000000
0.083470,0.133171,-0.000000
0.083470,0.133171,-0.000000
0.083470,0.133171,-0.000000
0.173389,0.390938,-0.000000
0.173389,0.390938,-0.000000
0.173389,0.390938,-0.000000
0.173389,0.390938,-0.000000
0.173389,0.390938,-0.000000
0.173389,0.390938,-0.000000
0.173389,0.390938,-0.000000
0.173389,0.390938,-0.000000
0.173389,0.390938,-0.000000
0.173389,0.390938,-0.000000
0.831380,0.803364,-0.016393
0.831380,0.803364,-0.016393
0.872949,0.763196,-0.016949
0.810595,0.743112,-0.017544
0.810595,0.743112,-0.017544
0.748242,0.642692,-0.019231
0.633927,0.672818,-0.025641
0.571574,0.572397,-0.027027
0.311767,0.582439,-0.050000
0.311767,0.582439,-0.050000
0.311767,0.582439,-0.050000
0.311767,0.582439,-0.050000
0.311767,0.582439,-0.050000
0.311767,0.582439,-0.050000
0.311767,0.582439,-0.050000
0.311767,0.582439,-0.050000
0.311767,0.582439,-0.050000
0.311767,0.582439,-0.050000
0.311767,0.582439,-0.050000
0.311767,0.582439,-0.050000
0.311767,0.582439,-0.050000
0.311767,0.582439,-0.050000
0.311767,0.582439,-0.050000
0.060471,0.399258,-0.000000
0.060471,0.399258,-0.000000
0.060471,0.399258,-0.000000
0.060471,0.399258,-0.000000
0.060471,0.399258,-0.000000
0.060471,0.399258,-0.000000
0.060471,0.399258,-0.000000
0.060471,0.399258,-0.000000
0.060471,0.399258,-0.000000
0.060471,0.399258,-0.000000
0.526876,0.416799,-0.000000
0.526876,0.416799,-0.000000
0.526876,0.416799,-0.000000
0.526876,0.416799,-0.000000
0.526876,0.416799,-0.000000
0.526876,0.416799,-0.000000
0.526876,0.416799,-0.000000
0.526876,0.416799,-0.000000
0.526876,0.416799,-0.000000
0.526876,0.416799,-0.000000
0.526876,0.416799,-0.000000
0.656860,0.627973,-0.024390
0.656860,0.627973,-0.024390
0.624017,0.659372,-0.025641
0.624017,0.659372,-0.025641
0.624017,0.659372,-0.025641
0.624017,0.659372,-0.025641
0.624017,0.659372,-0.025641
0.624017,0.659372,-0.025641
0.624017,0.659372,-0.025641
0.624017,0.659372,-0.025641
0.624017,0.659372,-0.025641
0.624017,0.659372,-0.025641
0.624017,0.659372,-0.025641
0.624017,0.659372,-0.025641
0.291984,0.431651,-0.000000
0.291984,0.431651,-0.000000
0.291984,0.431651,-0.000000
0.291984,0.431651,-0.000000
0.291984,0.431651,-0.000000
0.291984,0.431651,-0.000000
0.291984,0.431651,-0.000000
0.291984,0.431651,-0.000000
0.291984,0.431651,-0.000000
0.291984,0.431651,-0.000000
0.015487,0.984064,-0.052632
0.015487,0.984064,-0.052632
0.015487,0.984064,-0.052632
0.015487,0.984064,-0.052632
0.015487,0.984064,-0.052632
0.015487,0.984064,-0.052632
0.015487,0.984064,-0.052632
0.015487,0.984064,-0.052632
0.015487,0.984064,-0.052632
0.015487,0.984064,-0.052632
0.015487,0.984064,-0.052632
0.167168,0.106216,-0.000000
0.167168,0.106216,-0.000000
0.167168,0.106216,-0.000000
0.167168,0.106216,-0.000000
0.167168,0.106216,-0.000000
0.167168,0.106216,-0.000000
0.167168,0.106216,-0.000000
0.167168,0.106216,-0.000000
0.167168,0.106216,-0.000000
0.372410,0.198118,-0.000000
0.372410,0.198118,-0.000000
0.372410,0.198118,-0.000000
0.372410,0.198118,-0.000000
0.372410,0.198118,-0.000000
0.372410,0.198118,-0.000000
0.372410,0.198118,-0.000000
0.372410,0.198118,-0.000000
0.372410,0.198118,-0.000000
0.372410,0.198118,-0.000000
0.489688,0.339493,-0.000000
0.489688,0.339493,-0.000000
0.489688,0.339493,-0.000000
0.489688,0.339493,-0.000000
0.489688,0.339493,-0.000000
0.489688,0.339493,-0.000000
0.489688,0.339493,-0.000000
0.489688,0.339493,-0.000000
0.489688,0.339493,-0.000000
0.489688,0.339493,-0.000000
0.951630,0.920332,-0.013158
0.951630,0.920332,-0.013158
0.951630,0.920332,-0.013158
0.927840,0.851307,-0.014706
0.927840,0.851307,-0.014706
0.808886,0.782282,-0.017544
0.808886,0.782282,-0.017544
0.642351,0.575208,-0.025641
0.642351,0.575208,-0.025641
0.642351,0.575208,-0.025641
0.523397,0.506183,-0.028571
0.523397,0.506183,-0.028571
0.523397,0.506183,-0.028571
0.496632,0.509059,-0.034483
0.496632,0.509059,-0.034483
0.496632,0.509059,-0.034483
0.491800,0.499352,-0.052632
0.491800,0.499352,-0.052632
0.491800,0.499352,-0.052632
0.491800,0.499352,-0.052632
0.482228,0.497824,-0.066667
0.482228,0.497824,-0.066667
0.482228,0.497824,-0.066667
0.487478,0.495982,-0.071429
0.474096,0.497420,-0.076923
0.474096,0.497420,-0.076923
0.474096,0.497420,-0.076923
0.474096,0.497420,-0.076923
0.480787,0.496701,-0.090909
0.480787,0.496701,-0.090909
0.480787,0.496701,-0.090909
0.480787,0.496701,-0.090909
0.480787,0.496701,-0.090909
0.480787,0.496701,-0.090909
0.480787,0.496701,-0.090909
0.480787,0.496701,-0.090909
0.480787,0.496701,-0.090909
0.480787,0.496701,-0.090909
0.052677,0.737858,-0.052632
0.052677,0.737858,-0.052632
0.052677,0.737858,-0.052632
0.052677,0.737858,-0.052632
0.052677,0.737858,-0.052632
0.052677,0.737858,-0.052632
0.052677,0.737858,-0.052632
0.052677,0.737858,-0.052632
0.052677,0.737858,-0.052632
0.052677,0.737858,-0.052632
0.052677,0.737858,-0.052632
0.269119,0.422836,-0.000000
0.269119,0.422836,-0.000000
0.269119,0.422836,-0.000000
0.269119,0.422836,-0.000000
0.269119,0.422836,-0.000000
0.269119,0.422836,-0.000000
0.269119,0.422836,-0.000000
0.269119,0.422836,-0.000000
0.269119,0.422836,-0.000000
0.269119,0.422836,-0.000000
0.547871,0.942737,-0.020408
0.547871,0.942737,-0.020408
0.588961,0.848463,-0.023256
0.554719,0.801326,-0.024390
0.595810,0.707053,-0.025641
0.595810,0.707053,-0.025641
0.595810,0.707053,-0.025641
0.595810,0.707053,-0.025641
0.595810,0.707053,-0.025641
0.595810,0.707053,-0.025641
0.595810,0.707053,-0.025641
0.595810,0.707053,-0.025641
0.595810,0.707053,-0.025641
0.595810,0.707053,-0.025641
0.595810,0.707053,-0.025641
0.595810,0.707053,-0.025641
0.595810,0.707053,-0.025641
0.417744,0.983052,-0.021739
0.417744,0.983052,-0.021739
0.449075,0.884747,-0.034483
0.422966,0.835595,-0.038462
0.472573,0.614408,-0.043478
0.472573,0.614408,-0.043478
0.472573,0.614408,-0.043478
0.472573,0.614408,-0.043478
0.472573,0.614408,-0.043478
0.472573,0.614408,-0.043478
0.472573,0.614408,-0.043478
0.472573,0.614408,-0.043478
0.472573,0.614408,-0.043478
0.472573,0.614408,-0.043478
0.472573,0.614408,-0.043478
0.472573,0.614408,-0.043478
0.472573,0.614408,-0.043478
0.472573,0.614408,-0.043478
0.472573,0.614408,-0.043478
0.301455,0.701099,-0.050000
0.301455,0.701099,-0.050000
0.301455,0.701099,-0.050000
0.301455,0.701099,-0.050000
0.301455,0.701099,-0.050000
0.301455,0.701099,-0.050000
0.301455,0.701099,-0.050000
0.301455,0.701099,-0.050000
0.301455,0.701099,-0.050000
0.301455,0.701099,-0.050000
0.301455,0.701099,-0.050000
0.666339,0.539126,-0.024390
0.666339,0.539126,-0.024390
0.633022,0.566083,-0.025641
0.633022,0.566083,-0.025641
0.633022,0.566083,-0.025641
0.633022,0.566083,-0.025641
0.633022,0.566083,-0.025641
0.633022,0.566083,-0.025641
0.633022,0.566083,-0.025641
0.633022,0.566083,-0.025641
0.633022,0.566083,-0.025641
0.633022,0.566083,-0.025641
0.633022,0.566083,-0.025641
0.633022,0.566083,-0.025641
0.698106,0.666528,-0.021277
0.698106,0.666528,-0.021277
0.628295,0.716518,-0.025000
0.628295,0.683191,-0.025641
0.628295,0.683191,-0.025641
0.628295,0.683191,-0.025641
0.628295,0.683191,-0.025641
0.628295,0.683191,-0.025641
0.628295,0.683191,-0.025641
0.628295,0.683191,-0.025641
0.628295,0.683191,-0.025641
0.628295,0.683191,-0.025641
0.628295,0.683191,-0.025641
0.628295,0.683191,-0.025641
0.628295,0.683191,-0.025641
0.628295,0.683191,-0.025641
0.178132,0.128014,-0.000000
0.178132,0.128014,-0.000000
0.178132,0.128014,-0.000000
0.178132,0.128014,-0.000000
0.178132,0.128014,-0.000000
0.178132,0.128014,-0.000000
0.178132,0.128014,-0.000000
0.178132,0.128014,-0.000000
0.178132,0.128014,-0.000000
0.999080,0.171121,-0.000000
0.999080,0.171121,-0.000000
0.999080,0.171121,-0.000000
0.999080,0.171121,-0.000000
0.999080,0.171121,-0.000000
0.999080,0.171121,-0.000000
0.999080,0.171121,-0.000000
0.999080,0.171121,-0.000000
0.999080,0.171121,-0.000000
0.999080,0.171121,-0.000000
0.999080,0.171121,-0.000000
0.032601,0.561200,-0.052632
0.032601,0.561200,-0.052632
0.032601,0.561200,-0.052632
0.032601,0.561200,-0.052632
0.032601,0.561200,-0.052632
0.032601,0.561200,-0.052632
0.032601,0.561200,-0.052632
0.032601,0.561200,-0.052632
0.032601,0.561200,-0.052632
0.032601,0.561200,-0.052632
0.032601,0.561200,-0.052632
0.881867,0.669175,-0.016949
0.881867,0.669175,-0.016949
0.881867,0.669175,-0.016949
0.881867,0.669175,-0.016949
0.881867,0.669175,-0.016949
0.881867,0.669175,-0.016949
0.881867,0.669175,-0.016949
0.881867,0.669175,-0.016949
0.881867,0.669175,-0.016949
0.881867,0.669175,-0.016949
0.881867,0.669175,-0.016949
0.881867,0.669175,-0.016949
0.190433,0.368917,-0.000000
0.190433,0.368917,-0.000000
0.190433,0.368917,-0.000000
0.190433,0.368917,-0.000000
0.190433,0.368917,-0.000000
0.190433,0.368917,-0.000000
0.190433,0.368917,-0.000000
0.190433,0.368917,-0.000000
0.190433,0.368917,-0.000000
0.190433,0.368917,-0.000000
0.460726,0.981638,-0.020833
0.460726,0.981638,-0.020833
0.483762,0.932556,-0.024390
0.449208,0.908015,-0.032258
0.449208,0.908015,-0.032258
0.414653,0.785310,-0.040000
0.414653,0.785310,-0.040000
0.310990,0.613524,-0.050000
0.310990,0.613524,-0.050000
0.310990,0.613524,-0.050000
0.310990,0.613524,-0.050000
0.310990,0.613524,-0.050000
0.310990,0.613524,-0.050000
0.310990,0.613524,-0.050000
0.310990,0.613524,-0.050000
0.310990,0.613524,-0.050000
0.310990,0.613524,-0.050000
0.310990,0.613524,-0.050000
0.310990,0.613524,-0.050000
0.310990,0.613524,-0.050000
0.156405,0.855523,-0.050000
0.156405,0.855523,-0.050000
0.156405,0.855523,-0.050000
0.156405,0.855523,-0.050000
0.156405,0.855523,-0.050000
0.156405,0.855523,-0.050000
0.156405,0.855523,-0.050000
0.156405,0.855523,-0.050000
0.156405,0.855523,-0.050000
0.156405,0.855523,-0.050000
0.156405,0.855523,-0.050000
0.644765,0.376272,-0.000000
0.644765,0.376272,-0.000000
0.644765,0.376272,-0.000000
0.644765,0.376272,-0.000000
0.644765,0.376272,-0.000000
0.644765,0.376272,-0.000000
0.644765,0.376272,-0.000000
0.644765,0.376272,-0.000000
0.644765,0.376272,-0.000000
0.644765,0.376272,-0.000000
0.644765,0.376272,-0.000000
0.190924,0.428253,-0.000000
0.190924,0.428253,-0.000000
0.190924,0.428253,-0.000000
0.190924,0.428253,-0.000000
0.190924,0.428253,-0.000000
0.190924,0.428253,-0.000000
0.190924,0.428253,-0.000000
0.190924,0.428253,-0.000000
0.190924,0.428253,-0.000000
0.190924,0.428253,-0.000000
0.482022,0.120612,-0.000000
0.482022,0.120612,-0.000000
0.482022,0.120612,-0.000000
0.482022,0.120612,-0.000000
0.482022,0.120612,-0.000000
0.482022,0.120612,-0.000000
0.482022,0.120612,-0.000000
0.482022,0.120612,-0.000000
0.482022,0.120612,-0.000000
0.482022,0.120612,-0.000000
0.589507,0.226188,-0.000000
0.589507,0.226188,-0.000000
0.589507,0.226188,-0.000000
0.589507,0.226188,-0.000000
0.589507,0.226188,-0.000000
0.589507,0.226188,-0.000000
0.589507,0.226188,-0.000000
0.589507,0.226188,-0.000000
0.589507,0.226188,-0.000000
0.589507,0.226188,-0.000000
0.589507,0.226188,-0.000000
0.384619,0.582986,-0.050000
0.384619,0.582986,-0.050000
0.384619,0.582986,-0.050000
0.384619,0.582986,-0.050000
0.384619,0.582986,-0.050000
0.384619,0.582986,-0.050000
0.384619,0.582986,-0.050000
0.384619,0.582986,-0.050000
0.384619,0.582986,-0.050000
0.384619,0.582986,-0.050000
0.384619,0.582986,-0.050000
0.384619,0.582986,-0.050000
0.384619,0.582986,-0.050000
0.251806,0.290441,-0.000000
0.251806,0.290441,-0.000000
0.251806,0.290441,-0.000000
0.251806,0.290441,-0.000000
0.251806,0.290441,-0.000000
0.251806,0.290441,-0.000000
0.251806,0.290441,-0.000000
0.251806,0.290441,-0.000000
0.251806,0.290441,-0.000000
0.251806,0.290441,-0.000000
0.617091,0.265281,-0.000000
0.617091,0.265281,-0.000000
0.617091,0.265281,-0.000000
0.617091,0.265281,-0.000000
0.617091,0.265281,-0.000000
0.617091,0.265281,-0.000000
0.617091,0.265281,-0.000000
0.617091,0.265281,-0.000000
0.617091,0.265281,-0.000000
0.617091,0.265281,-0.000000
0.617091,0.265281,-0.000000
0.824376,0.982663,-0.011364
0.824376,0.982663,-0.011364
0.886204,0.884397,-0.014493
0.834681,0.835264,-0.015873
0.932576,0.614165,-0.016949
0.881052,0.565031,-0.017857
0.881052,0.565031,-0.017857
0.881052,0.565031,-0.017857
0.881052,0.565031,-0.017857
0.881052,0.565031,-0.017857
0.881052,0.565031,-0.017857
0.881052,0.565031,-0.017857
0.881052,0.565031,-0.017857
0.881052,0.565031,-0.017857
0.881052,0.565031,-0.017857
0.881052,0.565031,-0.017857
0.881052,0.565031,-0.017857
0.881052,0.565031,-0.017857
0.881052,0.565031,-0.017857
0.730249,0.343877,-0.000000
0.730249,0.343877,-0.000000
0.730249,0.343877,-0.000000
0.730249,0.343877,-0.000000
0.730249,0.343877,-0.000000
0.730249,0.343877,-0.000000
0.730249,0.343877,-0.000000
0.730249,0.343877,-0.000000
0.730249,0.343877,-0.000000
0.730249,0.343877,-0.000000
0.730249,0.343877,-0.000000
0.584069,0.107769,-0.000000
0.584069,0.107769,-0.000000
0.584069,0.107769,-0.000000
0.584069,0.107769,-0.000000
0.584069,0.107769,-0.000000
0.584069,0.107769,-0.000000
0.584069,0.107769,-0.000000
0.584069,0.107769,-0.000000
0.584069,0.107769,-0.000000
0.584069,0.107769,-0.000000
0.584069,0.107769,-0.000000
0.906308,0.879654,-0.014085
0.906308,0.879654,-0.014085
0.974281,0.791688,-0.014925
0.917637,0.747706,-0.016393
0.917637,0.747706,-0.016393
0.906308,0.527792,-0.017544
0.764698,0.593766,-0.019231
0.764698,0.593766,-0.019231
0.764698,0.593766,-0.019231
0.618485,0.746331,-0.024390
0.362700,0.795124,-0.041667
0.362700,0.795124,-0.041667
-0.039297,0.996483,-0.052632
-0.039297,0.996483,-0.052632
-0.039297,0.996483,-0.052632
-0.039297,0.996483,-0.052632
-0.039297,0.996483,-0.052632
-0.039297,0.996483,-0.052632
-0.039297,0.996483,-0.052632
-0.039297,0.996483,-0.052632
-0.039297,0.996483,-0.052632
-0.039297,0.996483,-0.052632
-0.039297,0.996483,-0.052632
-0.039297,0.996483,-0.052632
-0.039297,0.996483,-0.052632
-0.039297,0.996483,-0.052632
-0.039297,0.996483,-0.052632
0.817761,0.260728,-0.000000
0.817761,0.260728,-0.000000
0.817761,0.260728,-0.000000
0.817761,0.260728,-0.000000
0.817761,0.260728,-0.000000
0.817761,0.260728,-0.000000
0.817761,0.260728,-0.000000
0.817761,0.260728,-0.000000
0.817761,0.260728,-0.000000
0.817761,0.260728,-0.000000
0.817761,0.260728,-0.000000
0.594356,0.022513,-0.000000
0.594356,0.022513,-0.000000
0.594356,0.022513,-0.000000
0.594356,0.022513,-0.000000
0.594356,0.022513,-0.000000
0.594356,0.022513,-0.000000
0.594356,0.022513,-0.000000
0.594356,0.022513,-0.000000
0.594356,0.022513,-0.000000
0.594356,0.022513,-0.000000
0.594356,0.022513,-0.000000
0.425259,0.312719,-0.000000
0.425259,0.312719,-0.000000
0.425259,0.312719,-0.000000
0.425259,0.312719,-0.000000
0.425259,0.312719,-0.000000
0.425259,0.312719,-0.000000
0.425259,0.312719,-0.000000
0.425259,0.312719,-0.000000
0.425259,0.312719,-0.000000
0.425259,0.312719,-0.000000
0.161485,0.178766,-0.000000
0.161485,0.178766,-0.000000
0.161485,0.178766,-0.000000
0.161485,0.178766,-0.000000
0.161485,0.178766,-0.000000
0.161485,0.178766,-0.000000
0.161485,0.178766,-0.000000
0.161485,0.178766,-0.000000
0.161485,0.178766,-0.000000
