username,protected_contribs,protected_reverts,registration,ec_timestamp,edit_iteration,total_contribs,total_reverts,pro_palestine,pro_israel
ActivelyDisinterested,0,0,2021-10-14T22:19:56Z,2021-11-14T00:47:36Z,1.0,498.0,,,
AnomieBOT,105,0,2008-08-07T17:09:33Z,,1.0,39153.0,,,
ZKang123,0,0,2014-09-28T07:05:23Z,2017-11-02T02:14:34Z,1.0,85.0,,,
Corriebertus,12,0,2006-11-20T10:10:40Z,2016-04-13T13:20:18Z,1.0,20.0,,,
Citation bot,249,0,2008-09-21T02:34:54Z,,1.0,94012.0,,,
O.maximov,0,6,2024-02-08T16:01:50Z,2024-05-09T15:20:42Z,1.0,19.0,1.0,,
30Four,0,0,2023-02-23T19:21:06Z,2024-02-15T03:16:03Z,1.0,40.0,,,
Vanished user a12dd94fe07415c6f001d68ae46559f0,25,0,2024-02-17T03:50:00Z,2024-03-18T04:05:56Z,1.0,68.0,,,
Alanscottwalker,9,0,2008-05-18T11:52:03Z,2016-04-06T11:00:41Z,1.0,649.0,,,
Misha Wolf,11,0,2006-07-14T13:28:41Z,2020-08-29T15:52:41Z,1.0,34.0,,,
Triggerhippie4,4,0,2012-01-25T20:32:00Z,2016-04-06T09:04:49Z,1.0,26.0,3.0,,
Rhosnes,4,0,2021-06-30T12:29:37Z,2022-03-13T00:06:08Z,1.0,64.0,1.0,,
Trappist the monk,4,0,2009-08-09T16:35:26Z,,1.0,543.0,,,
RedactedHumanoid,0,0,2024-07-14T02:03:30Z,2024-09-04T19:07:22Z,1.0,583.0,,,
Headbomb,0,0,2006-05-18T14:44:40Z,2016-04-05T23:42:46Z,1.0,1996.0,,,
Kowal2701,3,75,2023-02-02T18:20:37Z,2024-02-22T17:48:47Z,1.0,919.0,16.0,,
PeleYoetz,6,42,2024-05-09T13:23:57Z,2024-06-17T08:04:35Z,1.0,90.0,4.0,,
DuncanHill,23,0,2006-07-05T22:03:05Z,2016-04-06T15:20:22Z,1.0,719.0,,,
Galamore,27,8,2023-12-25T10:04:36Z,2024-03-26T07:13:43Z,1.0,59.0,2.0,,
StefenTower,2,0,2004-03-20T22:40:45Z,2016-04-05T23:35:42Z,1.0,8805.0,,,
Wafflefrites,37,0,2022-05-04T22:17:55Z,2023-01-05T05:59:37Z,1.0,176.0,,,
JohnAdams1800,40,0,2022-08-21T00:31:03Z,2023-03-15T16:31:15Z,1.0,731.0,,,
JJMC89 bot III,15,0,2019-02-24T00:18:52Z,,1.0,97971.0,,,
Jayen466,43,0,2006-04-18T16:47:56Z,2016-04-06T03:14:36Z,1.0,110.0,,,
Mawer10,0,0,2020-03-26T11:00:57Z,2023-09-28T19:59:26Z,1.0,102.0,2.0,,
FourPi,4728,3950,2024-04-24T06:42:09Z,2024-07-25T20:07:10Z,1.0,1047.0,47.0,,
Evaporation123,120,0,2023-07-26T21:46:36Z,2024-03-07T21:33:13Z,1.0,173.0,,,
Qplb191,2,0,2022-06-29T11:14:34Z,2022-12-23T18:34:30Z,1.0,6.0,,,
PrimaPrime,6,0,2014-10-23T00:34:46Z,2019-09-11T01:17:56Z,1.0,20.0,,,
GreenC bot,84,0,2016-03-13T16:05:44Z,,1.0,93378.0,,,
RocketKnightX,0,0,2016-10-20T12:27:45Z,2018-07-22T07:53:23Z,1.0,9.0,,,
SPECIFICO,96,168,2012-09-01T13:42:12Z,2016-04-05T23:20:25Z,1.0,130.0,19.0,,
Ronherry,7,0,2015-12-29T09:23:03Z,2019-12-05T11:29:23Z,1.0,208.0,,,
Lord Maximoff,2,0,2022-04-21T19:57:50Z,2022-12-07T15:39:27Z,1.0,16.0,,,
PRRfan,2,0,2006-02-02T15:49:35Z,2016-04-06T14:38:44Z,1.0,176.0,,,
WereSpielChequers,2,0,2007-04-09T12:50:37Z,,1.0,2460.0,,,
DukeOfDelTaco,2,0,2019-07-10T23:14:50Z,2021-01-11T07:10:33Z,1.0,1840.0,,,
Faolin42,2,0,2010-01-25T23:53:32Z,2016-04-06T23:47:39Z,1.0,217.0,,,
Evelyn Harthbrooke,4,0,2011-05-18T22:32:15Z,2016-04-20T03:58:52Z,1.0,625.0,,,
Seananony,53,0,2024-03-02T17:56:23Z,2024-08-02T04:00:45Z,1.0,401.0,,,
EatingCarBatteries,0,0,2022-08-23T03:55:19Z,2023-12-15T06:54:25Z,1.0,85.0,,,
Rizalninoynapoleon,0,0,2007-01-06T15:15:50Z,2016-04-07T14:09:07Z,1.0,44.0,,,
WebsterNerd11,0,0,2022-08-12T21:12:56Z,2023-11-29T17:58:04Z,1.0,326.0,,,
Batong1930,15,0,2022-04-04T20:35:12Z,2024-05-11T22:45:11Z,1.0,211.0,,,
SigurdsSister,51,0,2024-04-15T00:33:14Z,2024-05-15T01:14:57Z,1.0,956.0,,,
Davemck,7,0,2005-07-10T19:57:09Z,2016-04-08T15:55:23Z,1.0,1904.0,,,
BootsED,63,0,2021-01-21T06:35:09Z,2024-03-30T19:01:59Z,1.0,184.0,,,
Esterau16,19,0,2023-03-04T14:04:14Z,2023-11-21T19:43:27Z,1.0,86.0,,,
Personisinsterest,102,0,2023-10-06T18:44:37Z,2024-02-01T01:41:05Z,1.0,187.0,0.0,,
ItsMarkWbu,4,0,2016-09-16T12:13:37Z,2020-06-07T18:45:38Z,1.0,51.0,,,
Mtminchi08,2,0,2008-05-27T09:51:04Z,2016-04-06T00:15:37Z,1.0,97.0,,,
A. Randomdude0000,9,0,2007-06-19T21:45:43Z,2016-04-25T19:10:49Z,1.0,317.0,,,
Atubofsilverware,2,0,2023-12-04T00:05:40Z,2024-01-26T09:52:24Z,1.0,813.0,,,
Flames675,6,0,2021-01-16T22:35:39Z,2023-06-26T17:34:35Z,1.0,48.0,,,
Vinnylospo,20,0,2017-05-10T17:29:02Z,2017-07-10T05:35:32Z,1.0,1271.0,,,
Senior Captain Thrawn,0,0,2023-02-27T13:22:06Z,2023-04-05T17:59:40Z,1.0,40.0,,,
David O. Johnson,81,0,2010-12-19T01:37:50Z,2016-04-06T04:25:59Z,1.0,880.0,,,
DividedFrame,17,0,2009-09-11T07:48:21Z,2018-08-06T22:54:26Z,1.0,283.0,,,
Great Mercian,0,0,2017-02-12T16:07:54Z,2022-06-12T19:30:36Z,1.0,18.0,,,
Yeagvr,2,0,2014-09-17T22:49:27Z,2020-07-15T00:34:39Z,1.0,79.0,,,
WikiCleanerBot,2,0,2013-04-20T08:26:16Z,2016-09-06T02:26:55Z,1.0,9405.0,,,
Jamedeus,0,0,2019-12-06T01:12:56Z,2023-11-01T02:50:45Z,1.0,138.0,,,
Kkuchnir,2,0,2017-04-20T21:37:48Z,2018-04-02T19:21:31Z,1.0,170.0,,,
Jarrod Baniqued,5,0,2008-11-19T00:28:09Z,2018-01-25T16:06:31Z,1.0,196.0,,,
Starlighsky,3,0,2022-10-10T21:27:58Z,2023-06-19T18:25:48Z,1.0,89.0,,,
Sergecross73,2,0,2008-12-12T16:21:32Z,,1.0,579.0,,,
Ltbdl,2,0,2023-07-21T18:29:40Z,2023-08-25T10:00:50Z,1.0,310.0,,,
Griffindaly,4,0,2021-10-21T04:41:19Z,2022-07-15T07:43:17Z,1.0,35.0,,,
MarioProtIV,0,0,2014-01-04T15:13:47Z,2016-04-11T20:12:33Z,1.0,175.0,,,
BeyPolite,2,0,2018-05-17T13:29:52Z,2020-07-29T08:04:23Z,1.0,129.0,,,
Loytra,2,0,2020-06-11T08:49:46Z,2023-04-24T04:05:34Z,1.0,61.0,,,
Superb Owl,23,0,2016-06-05T19:33:42Z,2022-07-31T01:41:06Z,1.0,2717.0,,,
Zenphia1,2,0,2022-08-01T10:18:38Z,2024-04-27T21:02:27Z,1.0,134.0,,,
MAINEiac4434,0,0,2010-05-16T02:09:48Z,2016-04-13T18:27:01Z,1.0,82.0,,,
Di (they-them),4,0,2018-04-20T04:31:00Z,2018-09-27T00:08:32Z,1.0,2156.0,,,
KiharaNoukan,8,0,2022-08-17T06:17:00Z,2023-08-26T21:06:04Z,1.0,38.0,,,
BarntToust,0,0,2024-05-16T21:06:10Z,2024-06-15T21:20:08Z,1.0,891.0,,,
BerryForPerpetuity,0,0,2024-03-26T10:50:12Z,2024-05-10T13:13:08Z,1.0,496.0,,,
Trorov,2,0,2006-11-17T01:15:45Z,2017-01-30T05:05:20Z,1.0,7.0,,,
RayneVanDunem,3,0,2010-08-20T15:41:53Z,2016-04-12T17:09:08Z,1.0,231.0,,,
Doomdorm64,2,0,2017-05-14T15:59:01Z,2017-11-11T14:41:06Z,1.0,122.0,,,
TheZoodles,0,0,2018-01-28T18:08:26Z,2024-07-22T11:52:57Z,1.0,101.0,,,
Timeshifter,2,0,2005-10-07T14:08:55Z,2016-04-06T11:41:06Z,1.0,302.0,,1.0,
LaUr3nTiU,0,0,2006-08-02T20:58:04Z,2016-04-13T11:55:26Z,1.0,49.0,,,
Fenharrow,0,0,2022-04-12T06:21:40Z,2023-10-06T20:27:20Z,1.0,91.0,,,
Kcmastrpc,19,0,2020-05-08T16:18:22Z,2023-04-03T17:35:12Z,1.0,378.0,,,
PassedDown,0,0,2019-12-07T22:17:42Z,2020-12-24T16:41:25Z,1.0,110.0,,,
TenthAvenueFreezeOut,0,0,2020-07-09T09:12:34Z,2021-01-23T10:43:46Z,1.0,821.0,,,
Guck14,0,0,2006-11-10T01:18:39Z,2016-04-06T15:39:35Z,1.0,122.0,,,
TocMan,2,0,2011-11-06T12:21:17Z,2022-11-06T13:59:45Z,1.0,13.0,,,
CANthony0125,0,0,2024-05-01T17:57:07Z,2024-05-31T23:23:42Z,1.0,1601.0,,,
Drmies,208,2763,2007-08-27T03:33:57Z,2025-01-07T14:18:55Z,1.0,2075.0,457.0,,
UnspokenPassion,113,0,2024-03-28T15:29:37Z,2024-08-11T14:50:21Z,1.0,296.0,1.0,,
Lightiggy,5,0,2017-10-04T21:32:34Z,2022-01-04T02:01:05Z,1.0,864.0,0.0,,
Tpbradbury,28,0,2004-04-11T17:06:22Z,2016-04-06T12:51:25Z,1.0,647.0,,,
Mazewaxie,3,0,2015-05-05T17:29:42Z,2018-11-20T11:52:40Z,1.0,59.0,,,
JSwift49,4,0,2017-09-11T05:09:00Z,2021-06-02T19:28:23Z,1.0,1602.0,,,
Gluonz,4,0,2023-05-20T21:44:57Z,2024-02-08T00:11:50Z,1.0,164.0,,,
AlsoWukai,109,0,2018-08-16T22:32:19Z,2018-11-20T02:35:54Z,1.0,468.0,,,
Muboshgu,18,0,,2024-03-24T19:34:42Z,1.0,915.0,,,
Relinus,0,0,2022-06-07T22:37:07Z,2022-09-03T05:26:31Z,1.0,222.0,,,
Davidgoodheart,6,0,2013-02-23T23:13:31Z,2016-04-11T02:01:37Z,1.0,997.0,,,
Firefangledfeathers,9,0,2009-02-01T20:41:50Z,2023-09-07T15:36:40Z,1.0,416.0,,,
Goodtiming8871,116,87,2012-10-24T02:52:35Z,2017-09-11T10:21:47Z,1.0,513.0,4.0,,
Ecangola,22,0,2017-07-03T13:34:00Z,2017-08-03T13:34:39Z,1.0,2234.0,,,
Alexysun,16,0,2018-04-25T01:50:52Z,2022-11-28T04:41:09Z,1.0,324.0,,,
Rich Farmbrough,11,0,2004-05-02T20:34:16Z,2016-04-06T00:05:33Z,1.0,1118.0,,,
Wikinerd881,0,0,2022-02-22T07:17:57Z,2022-09-28T11:18:37Z,1.0,30.0,,,
RenewIR,4,0,2022-09-05T07:07:25Z,2023-01-24T18:31:59Z,1.0,46.0,,,
Binksternet,12,1695,2007-07-28T19:59:57Z,2016-04-05T23:23:07Z,1.0,2971.0,2663.0,,
CrashLandingNew,0,0,2020-06-30T20:06:36Z,2022-12-14T18:25:24Z,1.0,75.0,,,
ContemporaryHistorical,0,0,2018-02-17T22:32:23Z,2021-04-10T17:14:26Z,1.0,56.0,,,
Rjjiii,0,0,2022-02-07T05:49:13Z,2023-01-28T03:47:14Z,1.0,271.0,,,
NesserWiki,41,0,2020-11-15T07:22:38Z,2021-09-27T07:13:58Z,1.0,323.0,,,
HertzDonuts,3,0,2024-05-04T05:42:08Z,2024-06-05T05:54:59Z,1.0,120.0,,,
Plumber,10,0,2008-09-06T16:27:22Z,2016-05-05T10:38:02Z,1.0,25.0,,,
GrapesRock,5,0,2024-05-31T22:48:57Z,2024-07-01T15:50:40Z,1.0,152.0,,,
Moncrief,20,0,2003-10-27T18:17:30Z,,1.0,87.0,,,
Slatersteven,15,0,2007-04-04T12:59:36Z,2016-12-08T14:46:31Z,1.0,673.0,,,
Ahecht,4,0,2006-08-16T16:25:07Z,2024-12-10T21:07:10Z,1.0,1188.0,,,
Eyer,2,0,2010-06-22T05:15:04Z,2019-06-18T23:38:19Z,1.0,153.0,,,
Sdmn2011,0,0,2022-08-16T22:51:14Z,2024-05-15T02:20:20Z,1.0,130.0,,,
Wow,4,0,2016-10-30T05:28:37Z,2017-05-09T03:35:02Z,1.0,44.0,,,
11 Arlington,0,0,2010-06-28T17:20:48Z,2016-04-06T23:27:19Z,1.0,12.0,,,
BarrelProof,26,0,2010-12-04T20:38:22Z,2016-04-05T23:32:15Z,1.0,1947.0,,,
Coolcaesar,0,0,2004-08-22T09:41:29Z,2016-04-06T05:57:49Z,1.0,241.0,,,
Left Central,0,0,2021-05-25T06:35:26Z,2022-04-23T01:12:12Z,1.0,57.0,,,
Bascule bridge builder,2,0,2018-03-14T23:16:31Z,2022-10-17T20:42:42Z,1.0,14.0,,,
Maxeto0910,70,0,2018-12-31T10:03:52Z,2019-05-25T08:51:43Z,1.0,2076.0,,,
Peacebeestill,6,0,2020-05-24T17:06:14Z,2024-03-31T17:52:32Z,1.0,16.0,,,
Turtlens,0,0,2006-08-28T21:44:14Z,2016-04-23T14:40:42Z,1.0,63.0,,,
Ich,27,0,2004-02-11T21:48:30Z,2016-04-11T16:41:55Z,1.0,111.0,,,
Anachronist,4,0,2006-01-21T02:02:29Z,2024-02-06T18:23:02Z,1.0,492.0,,,
Peaceray,0,0,2010-02-07T00:00:26Z,2016-04-06T13:55:07Z,1.0,1471.0,,,
Asto77,3,0,2023-08-25T13:14:35Z,2023-11-28T11:49:49Z,1.0,146.0,,,
GoodDay,2,0,2005-11-17T22:35:49Z,2016-04-05T23:18:56Z,1.0,1129.0,,,
Vrrajkum,4,0,2015-10-19T08:55:55Z,2016-04-08T08:30:05Z,1.0,6.0,,,
JeffSpaceman,2,0,2020-06-05T16:10:54Z,2020-07-06T17:07:49Z,1.0,728.0,,,
331dot,2,0,2012-05-30T15:46:36Z,2024-08-02T07:25:25Z,1.0,1717.0,,,
Segagustin,2,0,2023-06-17T14:46:38Z,2023-09-25T15:29:05Z,1.0,98.0,,,
Mike Schwartz,0,0,2004-09-02T04:08:51Z,2016-04-14T22:17:28Z,1.0,26.0,,,
TheMainLogan,0,0,2022-06-22T01:50:34Z,2023-06-27T09:05:54Z,1.0,84.0,,,
EditorGirlAL07,0,0,2024-07-12T07:40:52Z,2024-09-05T08:37:37Z,1.0,262.0,,,
Graeme Bartlett,2,0,2004-01-15T22:01:32Z,2024-06-25T12:13:17Z,1.0,3334.0,,,
ABHammad,22,13,2022-09-20T16:42:22Z,2023-02-15T05:31:24Z,1.0,57.0,1.0,,
AHI-3000,8,0,2016-02-28T04:33:20Z,2022-04-14T10:15:09Z,1.0,486.0,,,
Chuckstablers,21,0,2019-01-07T22:33:06Z,2023-11-12T02:51:47Z,1.0,24.0,,,
Woodlot,0,0,2009-10-22T21:32:52Z,2016-04-07T20:37:48Z,1.0,640.0,,,
Cewbot,27,0,2015-01-01T05:33:54Z,,1.0,56168.0,,,
Bunnypranav,7,0,2021-03-18T05:14:13Z,2024-08-15T15:27:42Z,1.0,725.0,,,
Starship.paint,65,0,2011-05-14T06:41:00Z,2016-04-06T00:32:33Z,1.0,558.0,,,
Ainty Painty,34,0,2018-09-16T16:01:08Z,2018-10-16T16:46:08Z,1.0,661.0,,,
Family27390,24,0,2020-07-15T18:44:39Z,2022-11-25T11:47:04Z,1.0,1839.0,,,
XDanielx,56,0,2007-07-14T07:24:21Z,2024-03-01T08:42:00Z,1.0,212.0,,,
M.Bitton,15,0,2015-02-16T00:20:51Z,2017-04-11T01:02:14Z,1.0,628.0,,,
Buidhe,36,0,2012-04-19T19:14:37Z,2017-01-10T19:46:19Z,1.0,624.0,,,
David A,31,0,2006-02-01T18:38:55Z,2016-04-11T20:20:27Z,1.0,105.0,,,
Scarykitty,0,0,2004-12-24T06:33:13Z,2016-05-11T17:25:17Z,1.0,5.0,,,
Ghazaalch,18,0,2020-09-10T18:59:45Z,2021-05-02T23:54:04Z,1.0,136.0,,,
InternetArchiveBot,12,0,2015-12-09T19:25:30Z,,1.0,39480.0,,,
טבעת-זרם,78,9,2008-06-03T20:38:45Z,2016-06-16T13:09:32Z,1.0,104.0,1.0,,1.0
ThePaganUK,89,0,2020-02-15T20:22:21Z,2021-06-23T11:59:13Z,1.0,114.0,,,
Borgenland,855,0,2022-06-21T16:23:32Z,2022-07-30T17:06:09Z,1.0,5269.0,,,
Pachu Kannan,738,0,2021-01-08T07:34:00Z,2021-04-23T15:23:41Z,1.0,1422.0,,,
Matarisvan,12,0,2023-09-06T07:08:08Z,2023-11-14T21:41:59Z,1.0,346.0,,,
Qhairun,4,0,2021-08-09T10:01:42Z,2022-09-07T11:08:06Z,1.0,22.0,,,
ElijahPepe,87,0,2019-09-07T01:06:29Z,2022-03-20T16:03:11Z,1.0,304.0,,,
Jlwoodwa,3,0,2023-04-20T19:12:52Z,2023-06-09T11:37:52Z,1.0,5457.0,,,
Durranistan,199,0,2021-10-28T06:17:16Z,2022-01-11T11:17:15Z,1.0,290.0,,,
Ye9CYNMD,5,0,2022-03-31T17:37:57Z,2024-08-21T02:25:46Z,1.0,26.0,,,
Relspas,10,0,2019-09-25T13:56:50Z,2023-02-05T16:53:53Z,1.0,77.0,,,
Arjayay,12,0,2007-11-01T15:33:50Z,2016-04-06T07:17:17Z,1.0,4794.0,,,
The Mountain of Eden,2424,671,2024-04-30T21:39:21Z,2024-07-28T01:56:18Z,1.0,583.0,22.0,,
Chomik1129,218,0,2023-07-07T19:28:27Z,2023-11-11T20:10:59Z,1.0,290.0,,,
Sunuraju,33,0,2010-01-05T02:26:03Z,2016-04-06T15:22:03Z,1.0,608.0,,,
Vinhson27,3,0,2014-06-27T06:31:26Z,2020-04-06T16:32:30Z,1.0,230.0,,,
Knightoftheswords281,0,0,2020-06-03T18:38:13Z,2022-11-16T06:25:11Z,1.0,92.0,,,
Golem469,99,0,2023-11-10T01:48:53Z,2024-05-25T14:46:30Z,1.0,281.0,,,
Gidonb,13,0,2003-11-29T02:53:41Z,2016-04-06T14:00:56Z,1.0,285.0,,,
HuntersHistory,17,0,2023-08-05T05:22:44Z,2023-09-04T12:50:59Z,1.0,67.0,,,
RMCD bot,33,0,2012-07-24T22:16:20Z,,1.0,9900.0,,,
Dr vulpes,0,0,2017-05-07T04:29:26Z,2025-01-26T19:41:28Z,1.0,2553.0,,,
أمين,0,0,2014-02-13T12:58:37Z,2020-03-15T14:22:55Z,1.0,17.0,,1.0,
TRCRF22,9,0,2021-12-28T22:33:25Z,2024-01-23T13:09:40Z,1.0,61.0,,,
CFA,12,0,2021-02-24T14:49:35Z,2021-06-16T14:30:46Z,1.0,7184.0,,,
"P,TO 19104",2,0,2020-05-27T16:31:23Z,2020-06-26T16:36:06Z,1.0,31.0,,,
Omnipaedista,38,0,2008-12-14T06:02:32Z,2016-04-06T11:47:40Z,1.0,2231.0,,,
Smallangryplanet,2,0,2021-01-12T19:46:30Z,2022-05-21T09:05:11Z,1.0,82.0,,1.0,1.0
Alalch E.,17,0,2022-01-17T23:36:43Z,2022-02-17T01:00:34Z,1.0,1073.0,,,
Rafe87,37,0,2015-08-01T13:12:11Z,2017-04-30T19:51:36Z,1.0,64.0,,,
Aquila89,4,0,2008-10-26T13:50:48Z,2016-04-07T18:30:18Z,1.0,82.0,,,
Macaddct1984,0,0,2005-01-31T04:32:49Z,2016-04-14T02:30:46Z,1.0,133.0,,,
CoolAndUniqueUsername,0,0,2024-06-30T14:00:16Z,2024-07-30T14:32:26Z,1.0,42.0,,,
QalasQalas,0,0,2023-04-25T06:35:26Z,2023-08-02T23:59:47Z,1.0,134.0,,1.0,
Rainsage,22,0,2023-12-03T01:15:00Z,2024-06-13T01:14:38Z,1.0,168.0,,,
Monk of Monk Hall,44,0,2022-02-25T19:31:11Z,2024-03-14T01:55:00Z,1.0,129.0,,,
Professor Penguino,7,0,2022-10-13T00:26:20Z,2022-11-25T23:32:28Z,1.0,178.0,,1.0,
BangladeshiEditorInSylhet,96,0,2023-11-29T18:35:00Z,2024-05-13T10:17:16Z,1.0,3126.0,,1.0,
Kashmiri,12,0,2006-01-17T21:05:26Z,2016-04-09T19:56:50Z,1.0,210.0,,,
Stephan rostie,19,0,2023-02-18T03:48:21Z,2023-08-07T12:28:50Z,1.0,40.0,,,
Ïvana,34,0,2018-12-30T03:18:13Z,2020-11-12T17:15:17Z,1.0,399.0,,,
Raskolnikov.Rev,142,0,2015-02-20T12:15:17Z,2024-07-26T20:59:03Z,1.0,232.0,,,
Noble Attempt,76,0,2024-05-23T05:28:27Z,2024-06-22T18:03:01Z,1.0,644.0,,,
Leaky.Solar,25,0,2018-04-16T18:19:15Z,2018-08-21T22:03:10Z,1.0,93.0,,,
Left guide,2,0,2023-09-14T03:24:21Z,2023-10-14T09:17:36Z,1.0,1577.0,,,
70.30.38.242,12,0,,,1.0,417.0,,,
OAbot,2,0,2016-06-03T17:03:59Z,2018-05-11T23:05:38Z,1.0,2407.0,,,
Johnkatz1972,6,0,2008-02-16T14:56:53Z,2016-04-15T08:22:45Z,1.0,83.0,,,
Cgixn,6,0,2015-07-03T08:01:49Z,2024-05-28T04:27:19Z,1.0,9.0,,,
Achmad Rachmani,21,0,2014-04-03T06:10:04Z,2022-05-29T01:46:14Z,1.0,2035.0,,,
Shushugah,6,0,2015-05-22T14:35:40Z,2018-08-29T00:41:12Z,1.0,329.0,,1.0,
Bluethricecreamman,15,0,2013-01-31T23:51:47Z,2024-02-18T16:23:32Z,1.0,431.0,,1.0,
The Great Mule of Eupatoria,106,46,2021-09-28T07:49:47Z,2022-02-05T04:06:33Z,1.0,121.0,2.0,,
Paul2520,0,0,2013-07-05T20:13:09Z,2016-04-06T13:08:21Z,1.0,593.0,,,
Smasongarrison,30,0,2012-01-29T06:30:36Z,2016-04-07T08:52:17Z,1.0,15549.0,,,
Engrigg22,4,0,2017-09-25T18:01:56Z,2024-08-16T15:47:38Z,1.0,2382.0,,,
Bearcat,0,0,2003-10-03T23:52:08Z,2024-05-01T18:12:12Z,1.0,7291.0,,,
GreenC,2,0,2009-02-08T16:59:14Z,2016-04-05T23:53:17Z,1.0,665.0,,,
NadVolum,4,0,2021-08-18T15:29:38Z,2021-10-16T19:57:29Z,1.0,51.0,,,
Lf8u2,4,0,2008-11-23T20:19:21Z,2024-06-17T03:56:47Z,1.0,70.0,,,
EkoGraf,85,0,2010-06-18T14:20:49Z,2016-04-05T23:41:15Z,1.0,110.0,,,
Dreameditsbrooklyn,8,0,2016-01-02T20:16:52Z,2023-11-21T13:29:49Z,1.0,198.0,,,
HapHaxion,13,0,2010-11-24T21:51:20Z,2017-01-26T06:06:11Z,1.0,725.0,,,
אקסינו,58,0,2020-03-14T17:55:31Z,2024-06-21T08:03:18Z,1.0,149.0,,,1.0
Foxy Husky,0,0,2024-04-07T16:50:11Z,2024-08-22T16:38:11Z,1.0,165.0,,,
Senorangel,5,0,2022-02-22T22:33:04Z,2023-10-27T01:34:09Z,1.0,89.0,,,
AndreJustAndre,69,0,2003-06-19T00:42:19Z,2018-06-10T03:59:22Z,1.0,823.0,,,1.0
Frietjes,0,0,2011-01-14T18:24:41Z,2016-04-06T13:59:22Z,1.0,4695.0,,,
Bmnr988,13,0,2023-04-26T04:04:06Z,2024-04-20T00:15:39Z,1.0,29.0,,,
Shadow311,0,0,2021-12-13T18:57:58Z,2023-02-28T14:26:30Z,1.0,205.0,,,
Anomalocaris,5,0,2005-06-15T21:40:29Z,2016-04-06T00:30:58Z,1.0,544.0,,,
Jonesey95,0,0,2009-05-24T22:23:02Z,2016-04-06T02:30:04Z,1.0,3231.0,,,
Ira Leviton,10,0,2015-05-02T20:30:17Z,2016-04-06T01:06:26Z,1.0,3047.0,,,1.0
Vice regent,15,0,2007-06-11T14:39:52Z,2016-05-04T01:48:34Z,1.0,76.0,0.0,,
Cactinites,8,0,2021-02-09T08:03:20Z,2021-07-01T15:01:32Z,1.0,29.0,,1.0,
OgamD218,0,0,2020-05-25T04:26:49Z,2020-10-29T10:06:32Z,1.0,46.0,,,
Amtoastintolerant,2,0,2018-12-19T18:20:59Z,2021-01-27T21:11:05Z,1.0,24.0,,,
Shintaraguru,11,0,2017-05-03T10:34:23Z,2018-07-07T14:42:24Z,1.0,38.0,,,
172.12.63.20,2,0,,,1.0,2.0,,,
Dotyoyo,17,0,2009-03-14T17:55:41Z,2024-01-14T00:16:05Z,1.0,42.0,3.0,,
רמרום,2,0,2023-03-10T07:29:03Z,2023-10-04T11:28:45Z,1.0,4.0,,,1.0
FloridaArmy,0,0,2016-11-26T15:02:14Z,2017-12-08T22:34:57Z,1.0,1156.0,,,
Dylanvt,9,0,2012-04-10T00:05:33Z,2016-04-10T16:46:58Z,1.0,29.0,,,
Hako9,0,0,2012-04-26T13:47:42Z,2016-05-18T12:01:37Z,1.0,7.0,,,
Dclemens1971,2,0,2014-04-16T14:39:31Z,2022-10-19T20:23:09Z,1.0,1543.0,,,
Natg 19,7,0,2007-02-08T05:24:04Z,2016-04-06T00:40:56Z,1.0,3261.0,,,
James Dunlap,6,0,2009-03-02T04:39:56Z,2021-04-28T20:23:33Z,1.0,33.0,,,
John of Reading,0,0,2009-12-27T11:47:08Z,2016-04-06T06:12:28Z,1.0,3418.0,,,
Reading Beans,0,0,2021-07-28T17:47:08Z,2021-08-27T20:02:28Z,1.0,967.0,,,
Mooonswimmer,2,0,2021-06-15T23:26:55Z,2021-07-16T23:21:26Z,1.0,187.0,,,
PhotogenicScientist,27,0,2022-08-18T21:44:42Z,2022-12-06T17:46:07Z,1.0,116.0,,,
Benjitheijneb,3,0,2011-11-12T12:37:59Z,2016-04-19T18:46:20Z,1.0,5.0,,,1.0
मल्ल,5,0,2022-09-15T14:59:58Z,2023-05-22T20:10:20Z,1.0,87.0,,,
Alaexis,217,363,2006-09-27T19:44:54Z,2016-04-26T18:29:24Z,1.0,204.0,30.0,,
Aydoh8,4,0,2020-06-30T06:33:19Z,2023-08-17T02:40:57Z,1.0,687.0,,,
Lowercase sigmabot III,7,0,2012-09-16T06:41:27Z,,1.0,18232.0,,,
Swordman97,0,0,2011-08-28T19:31:53Z,2020-10-27T05:43:28Z,1.0,4.0,,,
WikiFouf,6,0,2017-04-12T03:20:19Z,2024-04-03T03:55:16Z,1.0,152.0,,,
Reenem,22,0,2008-07-13T23:03:22Z,2016-04-06T10:02:08Z,1.0,82.0,,,
Vanilla Wizard,6,0,2016-07-27T03:29:55Z,2017-09-17T21:07:25Z,1.0,35.0,,,
Hydrangeans,2,0,2021-01-13T21:17:27Z,2021-11-22T00:03:07Z,1.0,330.0,,,
Mast303,4,0,2022-11-25T22:02:57Z,2023-01-30T05:13:32Z,1.0,39.0,,,
Un assiolo,4,0,2021-01-05T18:18:16Z,2021-04-17T00:48:22Z,1.0,589.0,,,
نعم البدل,0,0,2022-02-07T16:42:07Z,2022-10-12T05:42:08Z,1.0,50.0,,1.0,
Dustfreeworld,8,0,2022-12-29T18:42:45Z,2023-04-23T09:16:05Z,1.0,164.0,,,
ScottishFinnishRadish,21,0,2021-01-22T12:46:27Z,2024-10-07T16:57:03Z,1.0,1339.0,,,
Levivich,94,0,2018-11-12T05:10:43Z,2018-12-12T05:50:00Z,1.0,519.0,,,
Renamed user 941cc78c00a0c5924c78bcbe91e8541a,0,0,2018-12-02T18:53:17Z,2023-05-01T21:22:43Z,1.0,57.0,,,
Lewisguile,0,0,2018-01-04T18:39:33Z,2024-05-20T07:45:17Z,1.0,279.0,,,
FOARP,0,0,2007-10-25T18:20:29Z,2016-04-16T09:50:28Z,1.0,326.0,,,
GeoffreyA,12,0,2012-01-04T09:13:23Z,2024-03-06T16:27:09Z,1.0,60.0,,,
RossoSPC,2,0,2022-09-10T16:48:01Z,2024-06-18T00:51:12Z,1.0,14.0,,,
JasonMacker,2,0,2012-07-10T11:40:55Z,2024-04-29T19:07:29Z,1.0,22.0,,,
Shadowwarrior8,10,0,2020-02-07T03:08:15Z,2021-03-20T21:37:21Z,1.0,109.0,,,
SilverLocust,0,0,2015-12-01T05:36:00Z,2025-02-03T11:17:28Z,1.0,1013.0,,,
3Kingdoms,10,0,2020-10-17T18:18:37Z,2021-01-30T17:15:05Z,1.0,154.0,,,
FortunateSons,15,0,2023-09-15T14:26:48Z,2024-01-09T01:27:53Z,1.0,132.0,,,1.0
Abo Yemen,7,0,2023-05-15T13:55:03Z,2023-07-30T17:04:20Z,1.0,759.0,,1.0,
Gödel2200,6,0,2023-04-26T18:20:59Z,2023-06-06T12:32:01Z,1.0,111.0,,,
AirshipJungleman29,5,0,2016-03-31T11:32:56Z,2020-06-20T13:02:58Z,1.0,1427.0,,,
Oneequalsequalsone,2,0,2022-03-20T17:32:49Z,2024-06-25T12:27:48Z,1.0,37.0,,,
StarkReport,3,0,2022-10-26T12:34:41Z,2023-02-07T14:46:41Z,1.0,256.0,,,
GnocchiFan,6,0,2023-05-06T20:49:58Z,2023-07-13T20:06:01Z,1.0,142.0,,,
Chicdat,5,0,2020-02-15T16:44:04Z,2020-03-19T11:23:37Z,1.0,10.0,,,
XavierGreen,14,0,2007-01-05T16:33:22Z,2016-04-06T00:22:00Z,1.0,52.0,,,
EmilePersaud,2,0,2019-05-08T04:25:47Z,2024-05-13T13:41:14Z,1.0,7.0,,,
Jeaucques Quœure,2,0,2022-09-15T06:32:22Z,2024-01-04T14:41:47Z,1.0,79.0,,,
LuxembourgLover,0,0,2022-04-20T01:24:53Z,2023-08-22T02:58:53Z,1.0,77.0,,,
Clayoquot,8,0,2006-04-14T22:00:30Z,,1.0,340.0,,,
TheJoebro64,4,0,2016-05-07T14:12:06Z,2017-02-03T21:41:19Z,1.0,171.0,,,
Benpiano800,2,0,2018-10-01T21:17:43Z,2024-07-12T16:56:54Z,1.0,113.0,,,
CommunityNotesContributor,57,0,2023-11-10T22:15:42Z,2023-12-11T13:54:51Z,1.0,229.0,,,
Royiswariii,0,0,2024-07-17T19:56:05Z,2024-08-18T07:57:36Z,1.0,679.0,,,
Clear Looking Glass,2,0,2020-06-26T00:32:41Z,2020-09-26T01:46:38Z,1.0,104.0,,,
InfiniteNexus,2,0,2018-01-21T19:33:16Z,2020-12-26T19:03:39Z,1.0,2005.0,,,
Black roses124,14,0,2020-11-19T19:42:12Z,2021-07-21T04:18:37Z,1.0,41.0,,,
WillowCity,2,0,2021-05-13T22:33:56Z,2023-10-29T23:54:19Z,1.0,2.0,,,
Est. 2021,0,0,2021-01-09T23:34:14Z,2021-02-09T01:44:54Z,1.0,109.0,,1.0,
Jeppiz,2,0,2009-07-12T20:29:21Z,2016-04-06T09:18:22Z,1.0,97.0,,,
Linkin Prankster,204,0,2022-05-17T15:32:35Z,2022-10-05T09:21:01Z,1.0,274.0,,,
Gabi S.,6,0,2005-12-11T07:54:22Z,2016-04-11T06:13:20Z,1.0,7.0,,,
ByVarying,15,0,2022-02-13T04:56:28Z,2022-06-30T20:41:56Z,1.0,21.0,0.0,,
DecafPotato,2,0,2022-08-06T20:02:29Z,2022-10-06T17:26:25Z,1.0,19.0,,,
Figureofnine,3,0,2010-04-29T22:19:25Z,2016-04-19T22:25:24Z,1.0,104.0,,,
Coffeeandcrumbs,2,0,2017-06-28T01:47:12Z,2018-04-28T05:03:54Z,1.0,3.0,,,
Kalpesh Manna 2002,9,0,2020-03-11T07:56:54Z,2023-09-04T16:36:02Z,1.0,255.0,,,
Eliezer1987,25,0,2015-09-25T07:27:02Z,2022-05-02T18:01:04Z,1.0,51.0,,,
Wellington Bay,2,0,2021-12-20T21:49:40Z,2023-12-04T05:00:45Z,1.0,1451.0,,,
Longhornsg,5,0,2006-04-17T23:14:51Z,2021-03-17T20:44:09Z,1.0,265.0,,,
RealKnockout,2,0,2017-09-08T16:30:20Z,2021-06-15T16:39:00Z,1.0,2.0,,,
20WattSphere,9,0,2022-05-15T00:47:57Z,2023-07-30T12:37:30Z,1.0,85.0,,,
IntrepidContributor,54,14,2022-07-10T21:07:20Z,2022-09-29T16:00:49Z,1.0,56.0,2.0,,
Excel23,0,0,2011-04-28T04:39:52Z,2016-04-06T01:19:00Z,1.0,7.0,,,
Aszx5000,15,0,2023-02-08T19:28:32Z,2023-04-02T12:06:43Z,1.0,2363.0,,,
Mr rnddude,16,0,2015-11-04T00:57:48Z,2016-06-15T12:14:49Z,1.0,36.0,,,
MaskedSinger,5,0,2019-02-22T12:04:37Z,2019-07-08T15:17:06Z,1.0,122.0,,,
WeatherWriter,19,0,2019-09-16T13:45:19Z,2020-01-21T19:40:27Z,1.0,385.0,,,
Ianmacm,0,0,2005-12-11T20:00:22Z,2016-04-06T06:08:04Z,1.0,123.0,,,
Cdjp1,121,0,2015-08-13T06:09:31Z,2017-04-29T08:31:23Z,1.0,582.0,,,
Nashhinton,2,0,2011-04-15T23:08:50Z,2016-08-05T23:48:25Z,1.0,25.0,,,
Hogo-2020,0,0,2020-12-27T16:40:07Z,2021-10-27T11:39:45Z,1.0,152.0,,,
PaPiker,7,0,2023-12-16T17:06:07Z,2024-05-27T22:29:31Z,1.0,44.0,,,
Jdcomix,7,0,2015-02-19T03:17:18Z,2016-04-06T02:32:31Z,1.0,1371.0,,,
InvadingInvader,0,0,2018-09-14T11:31:16Z,2021-06-16T21:09:59Z,1.0,32.0,,,
Yeoutie,0,0,2018-11-23T08:17:46Z,2022-05-08T06:58:58Z,1.0,21.0,,,
Iwaqarhashmi,0,0,2022-11-18T17:43:43Z,2022-12-21T05:19:24Z,1.0,1948.0,,,
Dekimasu,2,0,2006-07-30T05:51:50Z,2024-09-20T01:30:57Z,1.0,1058.0,,,
BilledMammal,184,1179,2019-04-24T05:03:07Z,2021-07-03T05:11:48Z,1.0,2069.0,31.0,,
El C,3,0,2004-08-09T10:55:09Z,2023-08-16T10:58:02Z,1.0,25.0,,,
Newimpartial,0,0,2008-08-04T14:33:06Z,2017-05-23T15:38:25Z,1.0,65.0,,,
Berchanhimez,5,0,2020-05-03T11:46:01Z,2020-07-28T20:13:37Z,1.0,52.0,,,
Wasianpower,2,0,2018-07-13T01:38:19Z,2022-12-13T05:07:55Z,1.0,221.0,,,
Entropyandvodka,3,0,2014-09-02T05:50:20Z,2023-10-06T23:00:43Z,1.0,5.0,,,
PBZE,4,0,2018-09-27T23:00:43Z,2021-01-26T04:11:23Z,1.0,23.0,,,
Super Dromaeosaurus,11,0,2016-03-16T20:28:38Z,2017-12-23T12:25:46Z,1.0,198.0,,,
SineBot,9,0,2007-07-24T17:20:05Z,,1.0,1443.0,,,
KetchupSalt,4,0,2021-11-14T14:24:21Z,2024-01-26T09:43:06Z,1.0,19.0,,,
ClueBot III,8,0,2007-08-30T09:16:50Z,,1.0,9498.0,,,
Rockstone35,7,0,2007-04-14T03:15:31Z,2016-04-21T21:29:02Z,1.0,21.0,,,
Let'srun,0,0,2022-07-12T21:51:45Z,2023-07-23T14:24:43Z,1.0,255.0,,,
Springee,2,0,2008-03-21T02:27:18Z,2016-04-06T20:07:28Z,1.0,64.0,,,
HumansRightsIsCool,5,0,2024-05-15T19:21:54Z,2024-07-25T08:41:13Z,1.0,265.0,,,1.0
Me Da Wikipedian,3,0,2024-03-28T19:28:25Z,2024-04-28T01:06:33Z,1.0,299.0,,,
Some1,0,0,2009-01-10T18:14:14Z,2016-06-21T19:47:27Z,1.0,51.0,,,
Blindlynx,8,0,2007-05-28T22:27:32Z,2020-10-02T14:34:46Z,1.0,69.0,,,
AusLondonder,0,0,2015-04-17T09:02:44Z,2016-04-05T23:21:02Z,1.0,1391.0,,,
My very best wishes,28,0,2009-07-08T14:07:27Z,2016-04-05T23:55:25Z,1.0,147.0,,,
Mountainhead,2,0,2012-05-08T18:12:26Z,2016-09-18T10:43:56Z,1.0,3.0,,,
MarkiPoli,2,0,2014-03-31T08:12:42Z,2023-09-14T07:15:40Z,1.0,67.0,,,
CybJubal,0,0,2020-03-30T14:23:25Z,2022-10-10T20:52:32Z,1.0,82.0,,,
Animal lover 666,0,0,2020-12-06T18:43:08Z,2021-01-05T18:44:45Z,1.0,38.0,,,
Sean.hoyland,8,0,2007-06-19T04:35:09Z,2016-04-06T05:17:35Z,1.0,243.0,,,
FunLater,0,0,2022-04-23T17:54:50Z,2023-05-09T12:49:09Z,1.0,20.0,,,
NoonIcarus,0,0,2014-03-07T22:42:38Z,2016-08-07T03:41:57Z,1.0,102.0,,,
Aj39896,3,0,2024-09-09T08:50:33Z,,1.0,3.0,,,
107.127.0.16,2,0,,,1.0,2.0,0.0,,
Iazyges,0,0,2014-11-26T10:08:22Z,2016-07-09T01:44:16Z,1.0,8.0,,,
Vuerqex,0,0,2008-09-28T20:00:26Z,2016-10-10T02:19:33Z,1.0,6.0,,,
Chaotic Enby,0,0,2022-04-23T07:56:32Z,2022-09-28T13:48:48Z,1.0,994.0,,,
ViridianPenguin,0,0,2019-12-05T04:01:46Z,2023-01-22T20:51:04Z,1.0,116.0,,,
Ticketthedog,0,0,2024-08-20T18:45:32Z,,1.0,22.0,,,
Serial Number 54129,0,0,2013-10-12T06:39:09Z,2016-04-06T10:16:55Z,1.0,460.0,18.0,,
Cassiopeia,2,0,2017-05-10T01:53:06Z,2017-06-17T03:55:42Z,1.0,2596.0,,,
65.192.20.6,3,0,,,1.0,6.0,,,
Cortador,6,0,2012-09-03T08:00:10Z,2023-05-23T20:58:48Z,1.0,157.0,,,
Nihlus1,6,0,2015-06-08T05:50:34Z,2016-04-07T05:44:11Z,1.0,30.0,,,
Hemiauchenia,6,0,2017-03-12T01:16:23Z,2018-01-24T21:06:50Z,1.0,883.0,,,
Untamed1910,6,0,2022-12-21T19:42:00Z,2023-03-01T23:15:10Z,1.0,524.0,,,
108.24.196.46,13,0,,,1.0,47.0,,,
Adakiko,3,0,2020-04-30T08:41:46Z,2020-11-20T04:05:51Z,1.0,181.0,,,
Jbbdude,17,0,2006-01-14T23:56:31Z,2016-10-29T01:39:49Z,1.0,19.0,,,
Sameboat,3,0,2006-02-18T12:42:25Z,2016-04-06T04:31:00Z,1.0,8.0,,,
ViolanteMD,2,0,2024-07-13T00:39:36Z,,1.0,181.0,,1.0,
Jonathan f1,9,0,2018-03-23T23:38:22Z,2021-10-23T23:52:56Z,1.0,23.0,,,
John Bois,4,0,2024-01-28T02:52:33Z,,1.0,60.0,,,
76.156.161.247,0,0,,,1.0,16.0,,,
Bitspectator,2,0,2024-08-06T19:36:05Z,2024-09-25T17:09:02Z,1.0,54.0,,,
Freedom4U,0,0,2014-10-16T21:47:02Z,2023-02-19T08:16:50Z,1.0,658.0,,,
93.211.210.178,2,0,,,1.0,3.0,,,
Sviscusi,2,0,2007-06-01T02:29:27Z,,1.0,5.0,1.0,,
5225C,2,0,2019-06-15T06:12:30Z,2020-03-13T12:54:13Z,1.0,168.0,,,
The Cheesedealer,6,0,2020-01-19T15:57:38Z,2025-01-03T09:36:26Z,1.0,28.0,,,
Gråbergs Gråa Sång,8,0,2009-03-06T14:58:46Z,2016-04-09T11:49:48Z,1.0,884.0,,,
BePrepared1907,8,0,2014-12-05T17:09:09Z,2023-12-03T12:52:12Z,1.0,30.0,,,
Mariamnei,9,0,2024-01-14T12:31:13Z,2024-02-25T16:25:22Z,1.0,188.0,,,
Uppagus,6,0,2024-01-28T09:51:25Z,2024-05-07T14:37:33Z,1.0,33.0,,,
WikiEditor50,2,0,2008-04-21T11:56:34Z,2016-04-13T11:26:20Z,1.0,1265.0,,,
Hobbes090414,2,0,2023-10-21T18:06:55Z,2024-01-26T04:56:58Z,1.0,35.0,,,
ClaudineChionh,2,0,2001-10-27T10:32:09Z,2016-04-07T03:13:53Z,1.0,323.0,,,
81567518W,0,0,2020-01-28T19:55:53Z,2024-07-02T12:12:44Z,1.0,6.0,,,
Howardcorn33,0,0,2020-06-17T08:08:32Z,2023-12-23T01:32:27Z,1.0,559.0,,,
Paditor,6,0,2016-06-27T22:55:29Z,2024-08-14T11:35:12Z,1.0,247.0,,,
Shapeyness,0,0,2016-03-23T16:38:19Z,2018-04-21T20:00:35Z,1.0,51.0,,,
CorrectionsJackal,3,0,2020-10-24T03:19:18Z,2023-03-07T02:59:46Z,1.0,343.0,,,
Florian Blaschke,3,0,2006-03-26T01:26:19Z,2016-04-06T12:02:17Z,1.0,203.0,,,
Cowboygilbert,2,0,2023-07-18T01:03:06Z,2024-02-28T18:46:45Z,1.0,730.0,,,
TheCherryPanda,0,0,2018-09-19T11:24:28Z,2024-03-21T22:40:16Z,1.0,6.0,,,
Koopatrev,0,0,2012-04-25T09:08:46Z,2016-04-06T09:47:25Z,1.0,5.0,,,
Dhantegge,0,0,2024-03-18T02:14:19Z,2024-07-20T08:56:34Z,1.0,155.0,,,
Ethanexo,2,0,2016-06-03T18:47:30Z,2016-08-15T17:37:58Z,1.0,161.0,,,
Isaidnoway,4,0,2012-03-23T16:20:02Z,2016-04-10T23:46:33Z,1.0,1254.0,,,
ShelfSkewed,0,0,2006-03-27T05:18:30Z,2019-01-07T02:46:49Z,1.0,2722.0,,,
Genabab,19,0,2021-10-07T07:56:27Z,2023-08-19T22:55:34Z,1.0,66.0,,,
Bruce1ee,2,0,2005-03-14T06:47:32Z,2016-04-06T04:47:50Z,1.0,5219.0,,,
Gorgedweller,0,0,2023-06-19T17:33:43Z,2024-02-10T13:14:31Z,1.0,52.0,,,
Fnlayson,0,0,2006-04-07T04:28:45Z,2016-04-05T23:22:37Z,1.0,296.0,,,
Herniac,2,0,2024-04-09T15:04:02Z,2024-08-25T15:30:39Z,1.0,256.0,,,
Kingsmasher678,2,0,2023-01-19T22:40:51Z,2024-05-07T15:25:44Z,1.0,433.0,,,
DGtal,2,0,2006-02-08T18:20:54Z,2016-04-07T08:10:12Z,1.0,30.0,0.0,,
Daniel Case,76,0,2005-01-06T06:21:05Z,2024-09-03T17:59:49Z,1.0,2104.0,,,
GWA88,0,0,2014-03-19T19:39:26Z,2016-04-07T22:53:40Z,1.0,96.0,,,
Zinderboff,0,0,2020-03-05T21:32:37Z,2023-11-21T07:19:34Z,1.0,225.0,,,
Dmhll,0,0,2024-03-26T18:37:36Z,2024-05-18T03:38:14Z,1.0,286.0,,,
142.116.32.130,0,0,,,1.0,29.0,,,
Nythar,9,0,2022-04-26T03:07:22Z,2022-05-26T03:09:28Z,1.0,2502.0,,,
MathKnight,0,0,2004-02-05T12:37:10Z,2016-04-08T21:34:37Z,1.0,6.0,,,
CodeTalker,0,0,2007-05-25T22:48:12Z,2016-07-17T16:26:16Z,1.0,463.0,,,
216.209.197.108,5,0,,,1.0,94.0,,,
Remsense,14,0,2014-01-11T22:17:21Z,2023-08-29T17:26:34Z,1.0,3739.0,,,
66.23.24.71,2,0,,,1.0,28.0,,,
Ogress,5,0,2004-10-07T15:48:09Z,2016-04-05T23:18:58Z,1.0,269.0,,,
JoeNMLC,0,0,2020-05-01T23:27:58Z,2020-06-01T13:25:37Z,1.0,3831.0,,,
Marcocapelle,3,0,2011-07-18T12:06:52Z,2016-04-06T06:04:48Z,1.0,10635.0,,,
Hohum,4,0,2004-11-14T04:26:19Z,2016-04-06T18:40:17Z,1.0,197.0,,,
Lililolol,5,0,2022-02-21T19:28:55Z,2022-08-19T15:41:19Z,1.0,433.0,,,
Andre Farfan,0,0,2020-05-06T23:18:56Z,2021-03-10T18:15:47Z,1.0,49.0,,,
Chris the speller,2,0,2005-10-24T20:40:21Z,2016-04-06T00:41:29Z,1.0,6168.0,,,
Fyrael,0,0,2008-03-16T02:03:27Z,2016-04-06T02:20:19Z,1.0,186.0,,,
DavidDijkgraaf,0,0,2020-03-18T13:03:31Z,2022-09-17T08:40:03Z,1.0,178.0,,,
Aihotz,9,0,2010-02-15T21:08:20Z,2019-11-25T05:45:55Z,1.0,42.0,,,
TompaDompa,3,0,2014-10-30T02:16:33Z,2016-10-07T09:36:20Z,1.0,435.0,,,
Rasnaboy,0,0,2008-11-27T15:06:35Z,2016-04-09T08:13:05Z,1.0,642.0,,,
Whitesin21,32,0,2020-05-23T12:18:41Z,2022-01-20T13:28:53Z,1.0,59.0,,,
M Waleed,152,0,2024-03-07T08:16:36Z,2024-04-06T13:28:22Z,1.0,1366.0,,,
Lastchapter,0,0,2016-01-06T15:08:13Z,2019-10-25T19:37:03Z,1.0,16.0,,,
KnowledgeNinjas,13,0,2023-11-02T16:08:42Z,2023-12-05T01:59:56Z,1.0,113.0,,,
Fahrenheit666,2,0,2016-04-01T17:07:23Z,2021-04-20T10:08:10Z,1.0,8.0,0.0,,
Dan Murphy,0,0,2008-10-04T02:08:48Z,2016-04-15T05:06:10Z,1.0,22.0,,,
Bloxzge 025,23,0,2024-06-12T11:28:49Z,2024-07-20T15:56:31Z,1.0,910.0,,,
RamHez,40,0,2020-04-02T02:23:14Z,2023-10-07T09:58:37Z,1.0,70.0,,,
Cannolis,0,0,2009-04-21T12:12:49Z,2016-04-07T01:14:17Z,1.0,97.0,,,
Askhaiz,0,0,2006-06-16T17:53:28Z,2016-06-06T17:12:49Z,1.0,159.0,,,
2600:1700:F180:C720:D584:39B:FC83:EAA4,3,0,,,1.0,3.0,,,
אדומיניק,2,0,2019-05-26T13:13:55Z,,1.0,6.0,,,1.0
Miminity,3,0,2024-03-22T00:36:31Z,2024-05-24T02:20:07Z,1.0,1316.0,,,
Regulov,10,0,2011-04-26T07:30:05Z,2016-04-06T07:21:04Z,1.0,562.0,,,
BabbaQ,3,0,2010-09-15T15:21:37Z,2016-04-06T11:02:18Z,1.0,260.0,,,
Havradim,3,0,2016-07-13T01:10:56Z,2019-04-16T23:18:19Z,1.0,11.0,,,1.0
William Avery,4,0,2002-04-10T06:02:05Z,2016-04-06T11:48:21Z,1.0,6628.0,,,
Spirit of Eagle,0,0,2012-05-22T00:06:20Z,2016-04-21T04:43:23Z,1.0,12.0,,,
BorgQueen,5,0,2005-08-13T23:25:30Z,2022-10-24T17:17:51Z,1.0,2524.0,,,
Wrenaissances,0,0,2023-09-22T02:00:38Z,2024-08-29T04:08:00Z,1.0,288.0,,,
Frost,11,0,2017-02-07T02:18:16Z,2020-03-03T21:37:40Z,1.0,9769.0,,,
2601:147:4A81:3800:7D63:CD90:9E70:1560,2,0,,,1.0,2.0,,,
Sikander,0,0,2005-04-22T00:15:34Z,2016-09-17T23:11:25Z,1.0,16.0,,,
45.233.252.254,2,0,,,1.0,3.0,,,
BoyTheKingCanDance,9,0,2008-12-18T21:59:10Z,2016-04-06T06:00:44Z,1.0,3072.0,,,
Loymdayddaud,2,0,2024-07-14T12:50:19Z,2024-09-09T09:20:03Z,1.0,397.0,,,
Tigerdude9,7,0,2017-10-15T22:36:04Z,2018-08-20T21:27:51Z,1.0,188.0,,,
TheXuitts,0,0,2018-02-11T14:31:09Z,2018-09-20T20:08:26Z,1.0,78.0,,,
Carwil,4,0,2005-03-10T22:45:30Z,2016-04-14T14:07:17Z,1.0,16.0,,,
NekoKatsun,2,0,2014-11-20T17:34:02Z,2017-09-25T19:48:21Z,1.0,137.0,,,
ForsythiaJo,12,0,2022-11-30T18:36:03Z,2023-01-12T22:42:55Z,1.0,761.0,,,
Glass Snow,8,0,2024-06-27T10:34:35Z,,1.0,113.0,,,
Yapperbot,2,0,2020-05-05T15:41:24Z,,1.0,937.0,,,
WikiCleanerMan,11,0,2020-09-12T00:09:07Z,2021-01-17T18:03:46Z,1.0,218.0,,,
Ygolygydd,0,0,2023-08-29T17:20:02Z,2024-09-07T23:01:05Z,1.0,536.0,,,
Alon9393,0,0,2024-07-19T17:39:51Z,2024-09-13T17:08:26Z,1.0,304.0,,,
Strattonsmith,2,0,2021-01-14T17:47:03Z,2021-02-13T19:12:00Z,1.0,926.0,,,
Editrite!,0,0,2016-02-06T02:33:43Z,2019-09-04T02:07:29Z,1.0,568.0,,,
OwenX,2,0,2004-12-29T20:59:05Z,,1.0,603.0,,,
Lavictus,23,0,2024-09-05T13:11:48Z,,1.0,47.0,,,
Yoshi876,0,0,2012-03-18T08:05:16Z,2016-04-06T17:58:20Z,1.0,117.0,,,
JPHC2003,5,0,2022-07-18T18:07:20Z,2024-08-17T20:58:58Z,1.0,293.0,,,
Snowstormfigorion,2,7,2023-05-29T20:10:42Z,2023-06-29T15:46:15Z,1.0,38.0,13.0,,
إيان,0,0,2012-11-25T00:47:37Z,2019-05-23T20:36:37Z,1.0,46.0,,1.0,
Yr Enw,3,0,2023-08-15T16:07:31Z,2023-11-19T17:08:03Z,1.0,18.0,,,
Arminden,34,0,2011-08-31T18:46:26Z,2016-04-05T23:17:56Z,1.0,427.0,,,
Pdhadam,4,0,2017-10-17T02:50:48Z,2021-05-07T11:27:32Z,1.0,259.0,,,
Fixmaster,0,0,2016-04-14T15:48:18Z,2019-03-03T00:19:45Z,1.0,36.0,,,
Poketape,3,0,2007-01-31T04:08:14Z,2022-08-22T20:05:49Z,1.0,508.0,,,
GoingBatty,2,0,2010-01-29T01:04:30Z,2016-04-06T02:07:40Z,1.0,2044.0,,,
Ravenpuff,0,0,2014-08-09T09:22:50Z,2016-10-13T22:54:17Z,1.0,1312.0,,,
Sergi.mia,0,0,2010-05-29T16:23:41Z,2016-07-29T16:06:43Z,1.0,9.0,,,
WillNess,3,2,2009-10-22T20:37:28Z,2016-04-07T16:42:43Z,1.0,10.0,1.0,,
DeputyBeagle,0,0,2017-10-25T18:08:16Z,2024-05-10T08:13:41Z,1.0,25.0,,,
Mudwater,0,0,2006-12-17T16:08:31Z,2016-04-07T00:19:15Z,1.0,202.0,,,
DocWatson42,6,0,2004-01-16T00:29:51Z,2016-04-06T04:42:54Z,1.0,1372.0,,,
Mercer17,9,0,2017-09-05T21:00:16Z,2019-12-08T00:32:51Z,1.0,205.0,,,
Waonderer,6,0,2023-06-07T20:35:10Z,2024-03-03T16:46:28Z,1.0,455.0,,,
Natemup,0,0,2011-04-12T19:25:41Z,2019-04-11T14:24:06Z,1.0,485.0,,,
Richard Nowell,11,0,2006-02-17T11:38:54Z,2016-04-19T09:40:59Z,1.0,30.0,,,
Tsarivan613,6,0,2021-02-19T21:22:29Z,2024-02-27T23:48:43Z,1.0,593.0,,,
Eastfarthingan,11,0,2009-12-08T13:16:23Z,2016-04-06T11:03:03Z,1.0,196.0,,,
Battlesnake1,3,0,2010-11-11T21:50:30Z,2016-04-11T23:07:26Z,1.0,198.0,,,
Hey man im josh,14,0,2020-09-09T19:23:19Z,2025-02-06T01:18:57Z,1.0,11967.0,,,
VSankeerthSai1609,153,0,2024-06-19T14:17:32Z,2024-07-26T10:15:52Z,1.0,989.0,,,
Mwwv,0,0,2021-03-04T15:56:59Z,2024-07-18T14:35:11Z,1.0,121.0,,,
Anas1712,0,0,2008-05-25T13:36:43Z,2016-04-09T18:48:37Z,1.0,92.0,,,
Polygnotus,2,0,2022-09-08T04:51:19Z,2022-10-09T05:24:49Z,1.0,6853.0,,,
MiasmaEternal,0,0,2020-03-02T00:53:19Z,2020-04-01T03:58:46Z,1.0,197.0,,,
Bobfrombrockley,26,0,2006-03-16T14:20:43Z,2016-04-12T18:28:51Z,1.0,371.0,,,
Fabrickator,0,0,2009-01-06T05:39:09Z,2017-05-05T17:06:12Z,1.0,239.0,,,
Robertsky,0,0,2006-08-12T17:55:06Z,2024-11-20T03:55:11Z,1.0,722.0,,,
Κυπρομέδουσα,2,0,2019-02-28T21:14:10Z,2021-11-28T07:14:59Z,1.0,109.0,,,
Neils51,0,0,2012-03-04T21:00:09Z,2017-08-14T07:04:29Z,1.0,1374.0,,,
Daniel Quinlan,4,0,2002-12-07T04:25:59Z,2022-11-27T05:15:35Z,1.0,221.0,,,
Skakkle,0,0,2009-10-11T15:20:22Z,2016-04-06T19:55:43Z,1.0,42.0,,,
Vanished user edc8363ad1718beb64ce9d923ab18295,0,0,2007-07-15T09:47:43Z,2018-03-23T04:24:29Z,1.0,7.0,,,
Gianluigi02,34,0,2016-05-18T11:11:13Z,2016-11-30T20:47:26Z,1.0,343.0,,,
יורם שורק,2,0,2008-05-30T12:41:45Z,2024-05-26T06:07:13Z,1.0,4.0,,1.0,1.0
Amigao,8,0,2009-11-25T19:43:07Z,2016-12-25T20:43:21Z,1.0,1501.0,,,
AllPurposeScientist,0,0,2007-08-01T06:04:58Z,2016-09-03T20:55:26Z,1.0,10.0,,,
99.196.129.168,0,0,,,1.0,15.0,,,
Syaz351,5,0,2017-05-04T08:25:05Z,2020-09-24T04:28:47Z,1.0,203.0,,,
Wikishovel,4,0,2016-10-16T06:27:21Z,2016-11-15T06:38:54Z,1.0,4351.0,,,
77.29.183.5,5,0,,,1.0,5.0,,,
Ding Chavez,0,0,2006-08-15T17:54:26Z,2016-04-09T13:36:41Z,1.0,13.0,,,
Boud,9,0,2003-03-12T19:24:29Z,2016-04-06T09:54:13Z,1.0,273.0,,,
Explicit,0,0,2007-07-11T22:38:49Z,2016-10-04T00:51:37Z,1.0,4602.0,,,
Foxhound45,7,0,2023-01-10T13:29:48Z,2024-01-05T18:58:59Z,1.0,20.0,,,
Martimix,22,0,2018-05-13T09:31:00Z,2021-05-15T09:49:06Z,1.0,953.0,,,
Dajasj,2,0,2010-05-18T17:22:06Z,2021-11-03T13:31:53Z,1.0,2613.0,,,
Qwerfjkl,8,0,2021-02-10T19:42:26Z,2021-04-13T10:26:43Z,1.0,43056.0,,,
JWilk,0,0,2007-08-11T10:04:28Z,2019-05-21T14:44:07Z,1.0,18.0,,,
Fixer88,0,0,2009-06-20T02:11:21Z,2016-04-12T20:02:42Z,1.0,1797.0,,,
RONI180,3,0,2024-08-27T18:19:12Z,,1.0,3.0,0.0,,
Prodrummer619,22,0,2021-05-03T16:24:07Z,2022-03-08T10:39:57Z,1.0,136.0,,,
ZionniThePeruser,0,0,2024-01-21T19:57:19Z,2024-04-17T15:06:43Z,1.0,137.0,,,
UtoD,5,0,2014-12-06T03:46:18Z,2016-11-23T04:12:18Z,1.0,30.0,,,
Isabelle Belato,20,0,2009-11-04T18:15:33Z,2023-11-02T12:23:00Z,1.0,823.0,,,
Scienceturtle1,4,0,2024-06-25T23:25:00Z,,1.0,43.0,,,
185.182.71.19,0,0,,,1.0,6.0,0.0,,
Thegreatrebellion,9,0,2020-05-28T15:59:23Z,2021-05-11T20:50:56Z,1.0,55.0,,,
Telfordbuck,0,0,2012-09-26T16:41:37Z,2016-04-10T14:59:11Z,1.0,837.0,,,
Yeshivish613,0,0,2023-12-27T16:11:44Z,2024-11-21T21:40:00Z,1.0,49.0,,,1.0
SuperGuy212,0,0,2017-04-03T15:04:33Z,2020-12-27T13:20:56Z,1.0,35.0,,,
איש עיטי,0,0,2020-12-10T19:30:15Z,2024-09-19T13:51:51Z,1.0,29.0,,,1.0
מקף,2,0,2021-07-21T07:46:52Z,2024-08-12T22:33:09Z,1.0,68.0,,,1.0
Bte3000,3,0,2023-06-23T17:35:57Z,,1.0,26.0,,,
GooberBird,0,0,2024-07-22T14:58:31Z,,1.0,11.0,,,
Ergzay,0,0,2006-02-07T01:17:59Z,2017-09-24T10:46:43Z,1.0,79.0,,,
Beland,3,0,2004-04-06T02:05:16Z,,1.0,2531.0,,,
Paine Ellsworth,10,0,2009-02-27T18:41:52Z,2016-04-06T07:56:41Z,1.0,893.0,,,
Kvwiki1234,2,0,2012-02-19T03:47:40Z,2017-02-26T15:33:21Z,1.0,32.0,,,
MagicatthemovieS,4,0,2013-08-11T00:50:36Z,2016-04-05T23:40:52Z,1.0,904.0,,,
StonyBrook,2,0,2016-08-10T04:24:38Z,2018-05-30T23:52:18Z,1.0,205.0,,,
Tkbrett,0,0,2016-07-04T02:27:33Z,2018-02-19T04:01:13Z,1.0,119.0,,,
FinnSoThin,0,0,2019-12-19T04:09:11Z,2022-06-28T07:20:02Z,1.0,103.0,,,
Mcljlm,0,0,2012-05-12T10:50:56Z,2021-07-19T17:29:54Z,1.0,50.0,,,
Blaylockjam10,2,0,2008-05-05T05:10:24Z,2016-04-06T18:34:53Z,1.0,274.0,,,
Revirvlkodlaku,0,0,2007-07-20T05:41:16Z,2018-01-08T03:22:51Z,1.0,1204.0,,,
Tokisaki Kurumi,0,0,2018-12-31T08:42:24Z,2021-07-02T16:31:29Z,1.0,135.0,,,
FunkMonk,2,0,2007-05-01T07:50:11Z,2016-04-06T07:46:29Z,1.0,125.0,,,
Ymblanter,12,0,2011-05-17T10:59:34Z,2022-02-11T21:24:43Z,1.0,1508.0,,,
77.138.248.245,2,0,,,1.0,2.0,0.0,,
Tantan2020,2,0,2022-09-04T06:00:02Z,2023-11-30T10:10:27Z,1.0,17.0,,,
Innisfree987,5,0,2015-08-29T02:15:00Z,2016-07-24T19:56:21Z,1.0,283.0,,,
Dan Leonard,0,0,2009-04-16T03:12:01Z,2023-10-17T18:06:41Z,1.0,300.0,,,
Daisytheduck,0,0,2023-11-17T10:54:24Z,2024-08-12T01:13:54Z,1.0,898.0,,,
Hobit,2,0,2005-10-11T14:19:23Z,2016-04-06T00:35:35Z,1.0,32.0,,,
DemocraticLuntz,0,0,2008-08-10T17:42:55Z,2016-05-31T17:34:25Z,1.0,11.0,,,
Legobot,0,0,2008-06-13T18:52:32Z,,1.0,4570.0,,,
Moguy,0,0,2017-07-16T22:17:36Z,2020-10-26T15:04:55Z,1.0,32.0,,,
Apeholder,0,0,2018-06-13T21:34:52Z,2019-10-20T01:04:08Z,1.0,8.0,,,
Aintabli,0,0,2020-12-09T16:44:27Z,2022-04-22T16:47:58Z,1.0,394.0,,,
Orenburg1,0,0,2009-08-03T18:09:37Z,2016-04-06T07:11:35Z,1.0,1114.0,,,
Sakakami,2,0,2024-08-08T09:47:53Z,2024-09-09T07:20:37Z,1.0,606.0,,,
RodRabelo7,2,0,2020-10-09T12:28:14Z,2023-02-19T08:22:57Z,1.0,87736.0,,,
ICommandeth,0,0,2015-04-04T02:12:25Z,2016-10-27T16:52:59Z,1.0,14.0,,,
Mild Bill Hiccup,0,0,2007-08-29T16:52:45Z,2016-04-06T03:10:07Z,1.0,38.0,,,
Dan100,0,0,2004-12-11T10:31:24Z,2016-04-06T18:20:15Z,1.0,129.0,,,
Raphael1256,2,0,2017-09-24T09:47:58Z,2020-05-09T11:18:52Z,1.0,60.0,,,
PianoDan,4,0,2008-08-19T16:53:47Z,2016-11-10T17:47:37Z,1.0,92.0,,,
Worldbruce,4,0,2008-06-18T04:37:34Z,2016-04-05T23:38:15Z,1.0,1057.0,,,
Fjmustak,0,0,2005-12-07T01:48:51Z,2016-04-06T18:54:08Z,1.0,7.0,,1.0,
Espngeek,0,0,2016-02-22T12:26:07Z,2017-06-15T01:12:43Z,1.0,507.0,,,
Ahammed Saad,0,0,2021-04-07T18:23:34Z,2021-11-22T09:19:29Z,1.0,444.0,,,
Shoshin000,4,0,2024-02-08T12:20:55Z,2024-08-19T12:37:25Z,1.0,107.0,,,
Mikeblas,2,0,2005-07-10T18:59:56Z,,1.0,592.0,,,
Isochrone,5,0,2018-11-09T16:47:34Z,2020-01-21T12:38:34Z,1.0,245.0,,,
Zurkhardo,0,0,2006-03-29T19:12:13Z,2016-04-06T02:26:05Z,1.0,13.0,,,
79.52.83.38,0,0,,,1.0,25.0,0.0,,
Gitz6666,14,0,2010-01-28T23:32:44Z,2022-03-08T00:23:27Z,1.0,301.0,,,
Asukite,0,0,2011-01-29T05:09:43Z,2017-01-03T23:12:12Z,1.0,518.0,,,
Onel5969,6,602,2009-11-06T03:47:43Z,2016-04-05T23:21:31Z,1.0,11404.0,126.0,,
BusterD,0,0,2005-07-22T19:05:15Z,2022-06-21T03:14:00Z,1.0,54.0,,,
EvanBaldonado,0,0,2016-08-18T00:30:24Z,2022-07-20T16:17:55Z,1.0,422.0,,,
Liz,0,0,2013-07-25T16:20:16Z,2023-03-16T20:40:17Z,1.0,12873.0,,,
Teterev53,0,0,2016-08-01T20:50:22Z,2017-11-25T01:17:12Z,1.0,336.0,,,
LoomCreek,0,0,2022-08-11T16:36:04Z,2023-03-09T18:31:42Z,1.0,39.0,,,
AaronPassion,6,0,2014-01-14T15:05:50Z,2024-07-07T23:00:45Z,1.0,115.0,2.0,,
BappleBusiness,0,0,2017-06-24T15:40:40Z,2021-07-02T02:34:54Z,1.0,49.0,,,
Keith D,0,0,2006-09-19T22:51:51Z,2022-06-18T10:49:01Z,1.0,1195.0,,,
Atbannett,0,0,2006-03-28T12:10:44Z,2021-05-26T14:40:31Z,1.0,7.0,,,
Huskerdru,0,0,2006-04-27T00:48:03Z,2021-04-28T00:39:08Z,1.0,17.0,,,
Selfgyrus,3,0,2023-08-31T10:40:17Z,2024-01-10T12:01:45Z,1.0,81.0,,,
Sdkb,2,0,2010-09-02T14:30:52Z,2018-09-16T08:45:47Z,1.0,246.0,,,
FlyingScotsman72,0,0,2016-05-31T16:27:22Z,2023-01-20T02:46:50Z,1.0,5.0,,,1.0
GustavoCza,19,0,2020-03-17T00:02:27Z,2020-12-22T04:20:35Z,1.0,566.0,,,
AlexanderShakifan29,2,0,2021-03-29T00:46:19Z,2022-02-11T18:33:26Z,1.0,4.0,,,
OnMyRadar,3,0,2018-08-23T23:06:45Z,2019-08-07T12:45:57Z,1.0,123.0,,,
Miklogfeather,0,0,2021-07-10T14:46:33Z,2022-07-04T22:37:24Z,1.0,208.0,,,
Wcamp9,12,0,2023-02-03T18:21:52Z,2024-07-13T23:07:33Z,1.0,143.0,,,
Angiricc05,0,0,2021-10-25T17:28:20Z,2024-01-24T21:15:56Z,1.0,40.0,,,
Fidelove,2,0,2009-07-31T17:04:39Z,2016-08-08T06:11:28Z,1.0,6.0,,,
Salvabl,4,0,2014-09-03T21:10:00Z,2017-09-04T15:06:22Z,1.0,44.0,,,
TheWikiholic,6,0,2013-09-15T06:54:52Z,2016-11-27T03:42:39Z,1.0,45.0,,,
Isjadd773,3,0,2019-09-20T03:38:23Z,2022-01-19T22:22:45Z,1.0,37.0,,,
Bluesatellite,3,0,2009-06-14T06:01:52Z,2016-04-07T22:31:50Z,1.0,20.0,,,
Carlosmarkos2345,2,0,2024-05-29T10:36:45Z,2024-07-18T23:28:15Z,1.0,272.0,,,
Loibird90,0,0,2020-07-05T16:10:19Z,2021-09-16T15:34:27Z,1.0,21.0,,,
SportsGreece,2,0,2022-09-26T10:41:09Z,2024-08-30T12:30:41Z,1.0,241.0,,,
Swinub,2,0,2023-02-20T15:21:44Z,2023-07-27T22:54:53Z,1.0,7918.0,,,
D.S. Lioness,5,0,2023-12-18T01:02:26Z,2024-03-01T19:21:29Z,1.0,153.0,,,
Usr Trj,10,0,2018-10-22T02:17:51Z,2024-08-24T13:42:34Z,1.0,189.0,,,
ElegantEgotist,3,0,2024-01-17T11:32:11Z,2024-02-16T13:17:56Z,1.0,659.0,,,
Alexpl,0,0,2008-06-24T09:55:34Z,2016-04-18T19:27:39Z,1.0,36.0,,,
Flemmish Nietzsche,277,0,2023-07-07T21:03:50Z,2024-03-31T02:23:23Z,1.0,993.0,,,
SCPdude629,7,0,2020-05-06T20:54:05Z,2022-02-15T18:39:32Z,1.0,16.0,,,
(G)jabz,6,0,2021-09-24T10:20:48Z,2022-07-31T15:42:24Z,1.0,171.0,,,
CRau080,55,0,2018-06-04T20:41:29Z,2020-03-09T14:24:09Z,1.0,317.0,,,
Modgamers,5,0,2006-05-22T08:04:26Z,2020-09-02T13:16:44Z,1.0,7.0,,,
Eurohunter,2,0,2010-07-13T11:30:12Z,2016-04-07T14:02:02Z,1.0,373.0,,,
Tomissonneil,47,0,2020-07-07T23:57:54Z,2023-04-02T08:17:36Z,1.0,98.0,,,
Pbritti,0,0,2018-03-13T20:36:35Z,2019-11-19T03:07:40Z,1.0,708.0,,,
Chessrat,0,0,2012-11-11T01:02:28Z,2016-04-07T01:16:52Z,1.0,118.0,,,
Pietadè,22,0,2011-10-25T14:22:07Z,2016-04-07T08:10:04Z,1.0,177.0,,,
Asarlaí,36,0,2007-01-10T14:57:26Z,2016-04-07T18:06:56Z,1.0,153.0,,,
Manyareasexpert,41,0,2018-02-10T16:10:27Z,2023-09-03T19:14:28Z,1.0,211.0,,,
Susmuffin,48,0,2018-06-09T17:37:20Z,2018-07-09T17:50:50Z,1.0,577.0,,,
Jirka.h23,2,0,2009-07-23T14:11:10Z,2016-04-11T09:19:50Z,1.0,8.0,,,
Procyon117,48,0,2023-12-31T11:14:29Z,2024-01-30T11:59:47Z,1.0,550.0,,,
42Grunt,4,0,2019-10-05T14:08:23Z,2023-12-29T11:12:10Z,1.0,9.0,,,
Zerbrxsler,3,0,2021-05-22T18:34:16Z,2024-07-16T23:19:51Z,1.0,157.0,,,
Виктор Не Вацко,10,0,2013-01-20T20:27:00Z,2017-08-13T18:15:39Z,1.0,13.0,,,
Dn9ahx,76,0,2007-11-03T11:55:50Z,2022-11-23T09:12:50Z,1.0,336.0,,,
Mellk,66,0,2017-03-09T17:59:53Z,2020-01-31T18:59:05Z,1.0,2121.0,,,
Bondegezou,3,0,2005-08-11T21:37:02Z,2016-04-06T14:04:57Z,1.0,258.0,,,
Altenmann,32,0,2003-11-13T04:29:44Z,2016-04-06T03:50:37Z,1.0,3808.0,,,
Filedelinkerbot,0,0,2014-01-21T13:56:14Z,,1.0,1899.0,,,
Alansplodge,2,0,2008-02-10T15:59:32Z,2016-04-08T12:19:26Z,1.0,87.0,,,
XANTHO GENOS 5.5.2024,0,0,2021-02-19T12:21:26Z,2022-01-12T12:07:15Z,1.0,24.0,,,
Poklane,6,0,2016-03-07T14:56:14Z,2018-03-12T23:16:33Z,1.0,99.0,,,
Daisy Blue,2,0,2008-05-28T11:28:15Z,2016-09-15T11:21:57Z,1.0,108.0,,,
History6042,0,0,2023-01-20T16:42:25Z,2023-09-10T14:44:49Z,1.0,165.0,,,
Robertiki,0,0,2009-09-20T17:43:26Z,2016-04-06T01:07:23Z,1.0,15.0,,,
Sjö,6,0,,2016-04-07T17:29:22Z,1.0,277.0,,,
HappyWithWhatYouHaveToBeHappyWith,0,0,2019-10-14T23:03:03Z,2021-10-31T18:00:46Z,1.0,10.0,,,
AlexTref871,6,0,2013-05-11T10:20:20Z,2016-11-21T06:14:14Z,1.0,33.0,,,
Haisollokopas,6,0,2022-03-29T10:58:44Z,2023-10-05T08:53:36Z,1.0,20.0,,,
CommonsDelinker,4,0,2006-09-23T00:18:05Z,,1.0,6260.0,,,
Largely Legible Layman,4,0,2022-12-18T02:14:18Z,2024-08-02T16:55:04Z,1.0,32.0,,,
Gankbank789,0,0,2024-01-02T06:51:10Z,2024-07-30T00:00:51Z,1.0,126.0,,,
Nurken,5,0,2021-07-07T07:52:02Z,2023-06-17T17:55:12Z,1.0,71.0,,,
VileGecko,0,0,2010-07-27T10:17:13Z,2020-01-08T21:47:19Z,1.0,14.0,,,
Physeters,2,0,2022-01-07T03:05:37Z,2022-10-02T00:42:16Z,1.0,27.0,,,
Mr.User200,102,0,2015-03-02T20:30:18Z,2016-04-06T21:55:47Z,1.0,137.0,,,
Rodw,0,0,2004-10-29T14:30:32Z,2016-04-06T07:43:28Z,1.0,1919.0,,,
Alexeyevitch,0,0,2023-05-25T10:36:15Z,2023-08-20T13:00:58Z,1.0,1615.0,,,
SaintPaulOfTarsus,9,0,2023-10-09T14:54:07Z,2023-12-11T00:23:09Z,1.0,45.0,,,
Karma1998,6,0,2017-03-20T15:41:55Z,2018-10-21T15:54:35Z,1.0,45.0,,,
Ricky250,7,0,2014-12-06T07:47:25Z,2020-07-09T14:08:03Z,1.0,11.0,,,
Scu ba,40,0,2017-10-27T05:29:13Z,2022-10-21T21:59:52Z,1.0,499.0,,,
Ws1920,0,0,2018-01-06T15:01:48Z,2019-12-12T16:56:56Z,1.0,8.0,,,
N2e,22,0,2006-03-25T17:17:59Z,2016-04-06T04:44:39Z,1.0,419.0,,,
AlphaMikeOmega,8,0,2012-07-06T16:58:26Z,2019-05-18T22:36:28Z,1.0,8.0,,,
Kepler-1229b,3,0,2020-12-26T21:21:27Z,2021-01-25T21:23:49Z,1.0,1455.0,,,
TheDraperyFalls,7,0,2011-10-04T07:05:08Z,2016-04-22T10:59:22Z,1.0,12.0,,,
Terraflorin,0,0,2010-09-15T15:21:59Z,2016-04-07T09:16:33Z,1.0,26.0,,,
ZLEA,0,0,2017-01-05T20:50:23Z,2017-02-06T21:31:42Z,1.0,3218.0,,,
Rwv37,0,0,2004-04-06T02:36:58Z,2018-11-27T19:09:00Z,1.0,202.0,,,
Stickhandler,53,0,2023-06-23T20:19:13Z,2024-02-01T21:15:04Z,1.0,856.0,,,
VCcortex,0,0,2020-05-11T00:22:28Z,2024-08-17T16:50:08Z,1.0,901.0,,,
Fruitloop11,0,0,2013-11-16T07:08:35Z,2020-01-01T03:10:45Z,1.0,3.0,,,
Jochem van Hees,0,0,2019-10-08T18:59:51Z,2020-11-23T21:08:54Z,1.0,17.0,,,
Firestar464,0,0,2020-01-14T11:42:04Z,2020-10-15T04:33:06Z,1.0,12.0,,,
KronosAlight,16,33,2012-05-06T12:03:17Z,2016-07-26T18:06:02Z,1.0,45.0,4.0,,
A455bcd9,6,64,2008-11-01T12:12:51Z,2016-05-15T13:45:22Z,1.0,206.0,41.0,,
Catalyzzt,4,0,2020-11-20T15:38:37Z,2021-03-15T16:01:03Z,1.0,95.0,,,
Mrfoogles,6,0,2022-03-06T02:16:51Z,2024-01-19T00:54:00Z,1.0,1328.0,,,
Tarlby,4,0,2023-12-29T03:27:54Z,2024-04-14T01:13:58Z,1.0,796.0,,,
Mason.Jones,34,0,2005-04-22T23:36:19Z,2016-04-08T16:07:58Z,1.0,106.0,,,
Shoreranger,39,0,2006-02-24T17:17:48Z,2016-04-13T20:46:06Z,1.0,60.0,,,
Antrotherkus,0,0,2020-10-20T17:36:17Z,2023-12-19T19:56:38Z,1.0,11.0,,,
Newzild,2,0,2007-08-09T09:57:55Z,2016-04-08T10:04:49Z,1.0,122.0,,,
The First Legionnaire,2,0,2023-12-08T21:54:34Z,2024-03-10T19:28:44Z,1.0,644.0,,,
Dhtwiki,0,0,2009-04-17T06:30:24Z,2016-04-05T23:25:48Z,1.0,355.0,,,
IndigoManedWolf,2,0,2022-08-20T04:11:36Z,2024-08-14T08:08:26Z,1.0,122.0,,,
Synthetic.Cognizance,0,0,2024-02-04T22:31:59Z,2024-05-07T07:28:18Z,1.0,68.0,,,
Goodone121,2,0,2007-10-09T01:59:18Z,2016-04-10T00:38:43Z,1.0,37.0,,,
Wolverine X-eye,4,0,2022-11-18T13:28:52Z,2022-12-25T13:33:25Z,1.0,1142.0,,,
VioletEscalator,0,0,2023-01-21T20:47:38Z,2024-04-13T02:41:19Z,1.0,2539.0,,,
Reviewer1830,2,0,2024-07-10T02:19:38Z,2024-08-09T17:17:03Z,1.0,5556.0,,,
Hamasien,8,0,2023-09-26T10:09:18Z,2023-11-04T16:36:43Z,1.0,218.0,,,
CurryCity,4,0,2021-03-28T21:53:08Z,2022-02-15T21:18:34Z,1.0,70.0,,,
MykolaHK,5,0,2022-08-06T14:41:52Z,2023-10-04T14:00:55Z,1.0,232.0,,,
Marcin 303,3,0,2020-02-04T18:29:32Z,2020-07-24T18:54:42Z,1.0,535.0,,,
GreenWolfyVillager,0,0,2021-08-24T17:30:14Z,2024-01-11T18:34:53Z,1.0,139.0,,,
Smeagol 17,13,0,2008-05-26T08:14:03Z,2016-04-06T22:45:44Z,1.0,611.0,,,
Neyoshadow,14,0,2024-07-26T16:36:01Z,,1.0,84.0,,,
Kobzar1917,0,0,2024-01-28T06:35:26Z,,1.0,104.0,,,
Yadsalohcin,7,0,2013-06-12T19:33:09Z,2016-04-11T12:32:54Z,1.0,220.0,,,
Pusf.smbd,2,0,2022-03-23T16:03:07Z,2024-08-11T22:22:06Z,1.0,25.0,,,
Sneeuwschaap,24,0,2011-01-15T18:14:36Z,2016-04-05T23:22:59Z,1.0,41.0,,,
Mr. Lechkar,0,0,2020-09-01T19:00:52Z,2021-05-11T15:52:44Z,1.0,449.0,,,
Folkezoft,2,0,2024-06-21T17:19:56Z,2024-09-02T21:08:43Z,1.0,278.0,,,
188.171.197.124,0,0,,,1.0,11.0,,,
Aennfred,0,0,2023-12-01T10:15:11Z,,1.0,3.0,,,
One Hop2482,0,0,2023-08-12T17:28:59Z,,1.0,23.0,,,
Fuchsia the Sun,2,0,2021-06-18T14:33:55Z,2024-01-28T17:29:24Z,1.0,27.0,,1.0,
46.217.192.101,10,0,,,1.0,13.0,,,
OdNahlawi,7,0,2024-06-18T09:32:46Z,2024-08-08T12:48:59Z,1.0,29.0,0.0,,
Deadball1,6,0,2024-08-13T01:14:39Z,,1.0,66.0,,,
Tornadoboy7,0,0,2024-01-13T23:10:52Z,,1.0,6.0,,,
Blepii,0,0,2023-03-26T02:39:09Z,,1.0,46.0,,,
Ion.want.uu,2,0,2024-01-23T17:51:38Z,,1.0,11.0,,,
Forest576,2,0,2021-04-25T13:30:43Z,2022-07-22T14:38:08Z,1.0,63.0,,,
Applescapable,2,0,2023-04-27T23:59:23Z,2023-11-10T03:47:40Z,1.0,203.0,,,
Wehpudicabok,0,0,2006-08-23T19:27:55Z,2024-03-08T00:25:20Z,1.0,21.0,,,
Whoy51,2,0,2023-12-28T02:19:37Z,,1.0,9.0,,,
ColRad85,0,0,2013-12-04T02:56:20Z,2016-04-06T09:00:20Z,1.0,1227.0,,,
Auric,2,0,2003-11-24T16:46:51Z,2016-04-06T11:02:53Z,1.0,556.0,,,
Boston UnCommon,0,0,2024-08-01T18:50:47Z,,1.0,16.0,,,
Nikkimaria,17,0,2005-08-08T00:20:21Z,2016-04-06T01:49:24Z,1.0,1640.0,,,
OnlyNano,0,0,2024-01-08T17:22:10Z,2024-04-09T00:16:41Z,1.0,931.0,,,
GrabUp,6,0,2021-10-22T14:43:58Z,2022-05-02T13:47:44Z,1.0,1076.0,,,
Ratnahastin,8,0,2021-04-04T04:36:01Z,2021-05-21T09:46:02Z,1.0,308.0,,,
Nightscream,8,0,2005-03-05T03:30:30Z,2016-04-06T01:09:47Z,1.0,212.0,,,
ZimZalaBim,37,0,2004-06-16T02:04:21Z,2016-06-14T02:35:15Z,1.0,470.0,,,
JTtheOG,0,0,2012-11-23T05:33:14Z,2016-04-05T23:19:04Z,1.0,1038.0,,,
Thewikizoomer,21,0,2022-04-09T07:33:07Z,2023-08-28T10:11:56Z,1.0,1040.0,,,
Sumita Roy Dutta,5,0,2015-06-15T17:05:15Z,2018-10-28T16:24:42Z,1.0,5.0,,,
Ustadeditor2011,0,0,2024-04-02T12:08:47Z,2024-07-05T11:07:10Z,1.0,78.0,,,
Arijit Kisku,9,0,2017-08-08T02:33:26Z,2024-07-17T15:16:27Z,1.0,144.0,,,
Pinakpani,3,0,2016-11-09T16:11:37Z,2017-03-12T20:24:08Z,1.0,221.0,,,
Chandan Kanti Paul,2,0,2020-06-22T07:15:59Z,2021-06-08T04:57:21Z,1.0,10.0,,,
Benison,38,0,2013-05-12T08:42:42Z,2016-04-06T17:14:33Z,1.0,682.0,,,
ActiveContributor2020,0,0,2020-11-17T17:07:19Z,2021-10-01T18:01:36Z,1.0,17.0,,,
Schwinnspeed,6,0,2021-09-02T01:25:05Z,2023-06-26T23:41:41Z,1.0,87.0,,,
DaxServer,0,0,2014-10-26T07:29:10Z,2020-12-26T13:09:53Z,1.0,493.0,,,
Kirby777,0,0,2014-04-20T12:53:57Z,2020-12-28T21:36:22Z,1.0,241.0,,,
SimLibrarian,0,0,2020-05-05T00:23:17Z,2020-10-07T00:48:56Z,1.0,3348.0,,,
Kfein,5,0,2018-10-31T22:40:17Z,2019-12-26T22:47:34Z,1.0,14.0,,,
HurricaneHiggins,0,0,2021-05-10T22:23:58Z,2021-12-09T10:27:22Z,1.0,22.0,,,
Deb,0,0,2002-03-30T10:56:20Z,2021-04-05T08:34:53Z,1.0,532.0,,,
Another Believer,2,0,2007-11-25T16:58:44Z,2016-04-05T23:57:34Z,1.0,6429.0,,,
Spworld2,0,0,2022-07-25T11:27:08Z,2023-12-04T05:09:14Z,1.0,161.0,,,
JRDkg,0,0,2020-01-13T20:17:08Z,2020-12-12T19:15:15Z,1.0,245.0,,,
Nyttend,4,0,2006-08-08T15:03:10Z,2023-02-11T12:02:51Z,1.0,90.0,,,
Tosha Langue,2,0,2022-01-17T14:15:55Z,2024-04-29T16:22:56Z,1.0,10.0,,,
Johnson524,2,0,2022-02-21T21:25:40Z,2022-06-12T21:28:51Z,1.0,111.0,,,
Nuts5070,0,0,2013-04-28T09:26:51Z,2024-02-15T03:22:48Z,1.0,51.0,,,
SkyLined,0,0,2008-02-13T02:29:49Z,2016-08-22T19:26:02Z,1.0,13.0,,,
Sumanuil,0,0,2017-09-07T06:16:17Z,2018-01-30T03:58:40Z,1.0,2520.0,,,
CJ-Moki,0,0,2017-07-11T02:45:01Z,2022-11-30T05:34:02Z,1.0,14.0,,,
"Me, Myself, and I are Here",2,0,2012-10-02T04:18:36Z,2016-04-05T23:20:57Z,1.0,360.0,,,
Josve05a,2,0,2010-03-28T19:17:02Z,2016-04-06T08:54:10Z,1.0,2190.0,,,
Bridget,4,0,2018-12-15T21:31:31Z,2019-04-05T03:33:38Z,1.0,114.0,,,
EnthusiastWorld37,0,0,2022-05-12T13:03:29Z,2022-06-14T15:36:49Z,1.0,309.0,,,
Hiddenstranger,0,0,2009-12-15T23:33:50Z,2016-04-06T06:55:25Z,1.0,263.0,,,
Skarz,2,0,2007-03-08T21:39:17Z,2016-10-22T21:17:32Z,1.0,97.0,,,
N Jeevan,2,0,2021-03-18T10:12:10Z,2021-05-25T18:46:15Z,1.0,9.0,,,
WP Ludicer,3,0,2018-11-25T21:48:01Z,2019-01-16T23:36:23Z,1.0,91.0,,,
Bremps,7,0,2021-06-26T04:02:41Z,2022-12-08T04:31:12Z,1.0,202.0,,,
DaL33T,0,0,2008-01-28T00:11:20Z,2016-10-29T05:15:12Z,1.0,5.0,,,
Moscow Mule,0,0,2017-02-23T19:48:49Z,2017-07-17T03:09:55Z,1.0,1258.0,,,
Arcturus95,7,0,2023-12-11T03:45:04Z,2024-06-21T00:17:59Z,1.0,91.0,,,
Schwede66,2,0,2009-10-02T23:38:24Z,2024-12-16T01:16:22Z,1.0,786.0,,,
Sheila1988,2,0,2017-03-13T20:11:46Z,2017-04-12T20:12:47Z,1.0,536.0,,,
Yungeditz,0,0,2024-02-09T07:02:24Z,2024-03-26T06:22:15Z,1.0,4.0,,,
Richard-of-Earth,0,0,2008-01-30T08:21:20Z,2016-04-06T07:34:41Z,1.0,59.0,,,
HypeBoy,0,0,2021-03-20T10:57:56Z,2022-03-28T09:38:07Z,1.0,572.0,,,
Celjski Grad,29,0,2023-08-07T14:36:15Z,2023-10-08T06:24:00Z,1.0,972.0,,,
Ronakshah1990,2,0,2010-11-09T18:07:32Z,2016-04-09T20:42:51Z,1.0,5.0,,,
Billjones94,0,0,2020-11-13T07:08:24Z,2021-01-04T18:18:43Z,1.0,476.0,,,
বাক্যবাগীশ,15,0,2018-02-28T06:30:09Z,2018-07-08T17:06:50Z,1.0,35.0,,,
Soni,0,0,2012-04-13T20:55:24Z,2016-06-01T14:27:27Z,1.0,92.0,,,
AntiDionysius,14,0,2015-02-08T14:36:01Z,2023-08-08T11:31:54Z,1.0,2990.0,,,
Unilandofma,2,0,2023-09-06T10:46:03Z,2023-11-29T14:39:23Z,1.0,367.0,,,
Dl2000,0,0,2006-02-11T05:26:51Z,2016-04-06T00:44:40Z,1.0,2824.0,,,
JayBeeEll,3,0,2011-02-10T19:22:09Z,2016-04-06T13:41:20Z,1.0,155.0,,,
Keivan.f,2,0,2011-05-18T15:00:35Z,2016-04-06T23:07:55Z,1.0,338.0,,,
ExclusiveEditor,12,0,2021-01-19T19:18:04Z,2021-04-24T15:54:20Z,1.0,253.0,,,
Tamjeed Ahmed,0,0,2020-05-01T14:55:40Z,2021-06-11T10:42:19Z,1.0,7.0,,,
C.Fred,0,0,2005-09-28T03:46:11Z,,1.0,918.0,,,
Grover cleveland,0,0,2005-12-08T01:10:16Z,2016-04-06T21:07:49Z,1.0,14.0,,,
Elli,7,0,2014-02-23T12:11:37Z,2025-02-05T18:29:44Z,1.0,349.0,,,
SayaniReneePaul,5,0,2024-08-15T20:24:58Z,,1.0,9.0,,,
Tymon.r,2,0,2014-09-18T20:01:44Z,2016-09-26T16:21:03Z,1.0,340.0,,,
Knitsey,0,0,2022-08-08T20:49:45Z,2022-10-03T19:44:02Z,1.0,1995.0,,,
Yoshi24517,0,0,2013-12-08T23:30:02Z,2016-04-06T21:08:29Z,1.0,1030.0,,,
115.187.54.61,3,0,,,1.0,3.0,,,
Hyderabad.India.post,2,0,2024-08-15T19:55:25Z,,1.0,2.0,,,
103.155.223.111,2,0,,,1.0,7.0,,,
DangalOh,10,0,2024-06-30T05:29:32Z,,1.0,77.0,,,
VNC200,6,0,2021-02-01T04:15:16Z,2021-05-09T03:39:59Z,1.0,107.0,,,
DMacks,0,0,2006-01-16T21:44:12Z,2024-10-02T23:02:06Z,1.0,739.0,,,
Secular Humanist 2022,4,0,2022-11-17T17:12:24Z,,1.0,8.0,,,
2409:40E1:20:2ADF:8000:0:0:0,2,0,,,1.0,2.0,,,
Shawn110,15,0,2023-11-11T23:41:39Z,,1.0,35.0,,,
ParallelLife,9,0,2024-08-11T13:11:07Z,,1.0,19.0,,,
Mehedi Abedin,20,0,2012-07-21T09:41:27Z,2021-06-13T09:24:58Z,1.0,1902.0,,,
2405:201:9008:F86F:F5C6:C9B8:D582:7B4A,2,0,,,1.0,2.0,,,
Curvasingh,5,0,2021-07-10T05:15:25Z,2022-09-05T08:07:08Z,1.0,53.0,,,
Suyash.dwivedi,2,0,2013-09-06T18:33:35Z,2021-08-09T19:32:23Z,1.0,14.0,,,
Leoneix,2,0,2022-04-29T10:37:12Z,2023-10-21T06:59:32Z,1.0,6.0,,,
Ab207,2,0,2018-07-31T12:41:47Z,2020-05-14T11:12:33Z,1.0,18.0,,,
Nickuwunj,8,0,2022-10-14T14:12:26Z,,1.0,18.0,,,
Aafi,0,0,2019-03-21T13:12:26Z,2019-04-20T13:15:28Z,1.0,45.0,,,
Discospinster,2,0,2004-06-27T18:41:07Z,,1.0,4669.0,,,
Mai-Sachme,0,0,2007-03-09T17:25:17Z,2016-04-11T19:27:39Z,1.0,8.0,,,
KylieTastic,0,0,2006-11-18T15:15:09Z,2016-04-06T13:30:11Z,1.0,4066.0,,,
Str1977,0,0,2005-04-21T15:13:37Z,2016-04-06T12:27:11Z,1.0,150.0,,,
Whatsupkarren,0,0,2021-01-10T10:25:49Z,2021-02-09T12:27:13Z,1.0,237.0,,,
Ser Amantio di Nicolao,2,0,2006-01-04T20:44:34Z,,1.0,44274.0,,,
197.167.236.221,3,0,,,1.0,8.0,0.0,,
Kaltenmeyer,0,0,2011-06-03T18:34:37Z,2016-04-06T01:24:01Z,1.0,2445.0,,,
Valereee,2,0,2006-03-17T18:29:09Z,2022-10-23T20:24:49Z,1.0,753.0,,,
Durziil89,69,0,2023-05-27T16:15:54Z,2024-03-12T08:25:44Z,1.0,1106.0,,,
TheAmazingRaspberry,11,0,2019-12-16T00:06:50Z,2021-01-04T19:32:29Z,1.0,71.0,,,
Alexandraaaacs1989,3,0,2024-08-02T04:47:22Z,2024-09-09T10:29:16Z,1.0,521.0,,,
MRB16th,0,0,2022-10-12T13:07:51Z,2022-12-10T10:02:22Z,1.0,94.0,,,
WhatamIdoing,0,0,2006-08-14T03:52:08Z,2016-04-06T18:12:45Z,1.0,989.0,,,
Kingofthedead,0,0,2015-03-24T02:33:10Z,2016-04-05T23:31:41Z,1.0,54.0,,,
Normsupon,3,0,2021-08-17T23:13:55Z,2022-07-07T05:00:41Z,1.0,36.0,,,
Diannaa,8,0,2009-10-08T00:26:50Z,2024-09-04T00:43:16Z,1.0,889.0,,,
Mccapra,0,0,2010-04-09T08:05:07Z,2016-04-30T15:01:08Z,1.0,737.0,,,
Headhitter,6,0,2009-01-01T18:29:22Z,2016-04-06T05:29:56Z,1.0,704.0,,,
Sleske,0,0,2004-11-04T08:32:16Z,2016-04-06T09:12:47Z,1.0,6.0,,,
Fulserish,0,0,2017-01-12T21:48:42Z,2020-05-11T23:44:06Z,1.0,128.0,,,
The Proffesor,2,0,2006-05-25T14:38:10Z,2016-04-07T23:42:37Z,1.0,13.0,,,
John Cummings,2,0,2011-06-01T19:05:50Z,2016-04-11T12:41:11Z,1.0,58.0,,,
TTWIDEE,0,0,2022-04-03T19:09:45Z,2024-07-28T16:21:53Z,1.0,307.0,,,
TheRichCapitalist,0,0,2023-03-03T05:09:16Z,,1.0,14.0,,,
Moxy,12,0,2009-01-14T23:20:40Z,2016-04-05T23:37:44Z,1.0,615.0,,,
Lord Ruffy98,2,0,2023-09-06T17:14:04Z,,1.0,46.0,,,
FelipeRev,0,0,2016-07-22T05:37:59Z,2021-09-16T21:34:23Z,1.0,49.0,,,
Potymkin,6,23,2024-07-09T07:38:04Z,,1.0,152.0,8.0,,
DelphiLore,0,0,2023-11-26T14:41:23Z,2024-10-07T09:39:57Z,1.0,162.0,,,
Mathglot,9,0,2006-10-22T04:49:31Z,2016-04-06T06:52:49Z,1.0,953.0,,,
Shellypls,0,0,2023-03-29T13:01:53Z,2023-08-10T23:48:06Z,1.0,19.0,,,
Kwamikagami,0,0,2004-08-12T20:23:53Z,2016-04-06T01:41:28Z,1.0,730.0,,,
Joco179,2,0,2021-01-05T02:54:55Z,2021-02-04T13:03:20Z,1.0,5.0,,,
Monsieur Patillo,7,18,2008-10-31T09:05:38Z,2024-10-20T21:55:57Z,1.0,105.0,5.0,,
Hitesh Thakrani,0,0,2024-04-16T17:28:08Z,2024-08-21T17:42:30Z,1.0,191.0,,,
Llammakey,0,0,2014-07-21T11:03:24Z,2016-04-06T00:36:59Z,1.0,956.0,,,
LagoonGoose,3,0,2024-05-10T06:40:42Z,2024-09-15T06:09:08Z,1.0,208.0,,,
MusikBot II,8,0,2016-10-30T20:25:35Z,,1.0,1507.0,,,
Johnuniq,0,0,2007-12-19T09:17:00Z,2024-10-23T23:55:25Z,1.0,576.0,,,
2A02:1406:64:BACA:64E7:4403:6FB0:9D0A,3,0,,,1.0,13.0,0.0,,
Govvy,0,0,2005-12-22T17:15:06Z,2016-06-30T17:31:17Z,1.0,354.0,,,
Amayorov,3,0,2016-07-08T15:06:37Z,2024-07-06T00:33:45Z,1.0,95.0,0.0,,
Villaida,0,0,2023-11-30T00:44:32Z,2024-01-24T20:59:30Z,1.0,891.0,,,
NavyBlueSunglasses,0,0,2016-02-18T23:50:03Z,2016-07-08T23:54:52Z,1.0,71.0,,,
Matthewrb,0,0,2010-08-28T02:31:48Z,2016-04-05T23:21:48Z,1.0,362.0,,,
Dronebogus,2,0,2020-04-04T14:26:12Z,2020-07-23T10:59:20Z,1.0,141.0,,,
AnarchistHistory,0,0,2024-07-31T01:12:55Z,2024-08-30T05:42:39Z,1.0,694.0,,,
Arctic Circle System,3,0,2020-10-02T22:34:18Z,2022-04-20T02:03:44Z,1.0,378.0,,,
Nonstopdrivel,0,0,2005-12-18T23:49:57Z,2016-12-30T17:38:52Z,1.0,47.0,,,
129.219.21.93,0,0,,,,,,,
R. G. Checkers,6,0,2019-02-05T03:07:12Z,2019-03-08T02:29:42Z,2.0,21.0,,,
Editmakerer,9,0,2021-01-18T15:52:01Z,2024-08-19T04:28:21Z,2.0,79.0,,,
Endwise,6,0,2022-02-01T03:10:34Z,2022-03-13T14:39:31Z,2.0,48.0,,,
Space4Time3Continuum2x,49,0,2016-05-19T06:57:35Z,2017-01-18T07:34:49Z,2.0,224.0,,,
DimensionalFusion,5,0,2021-11-16T17:18:46Z,2023-07-03T22:11:14Z,2.0,579.0,,,
Giacomo1968,5,0,2006-01-22T09:01:00Z,2016-04-09T01:33:43Z,2.0,55.0,,,
Johndavies837,0,0,2017-08-02T22:36:45Z,2019-02-20T16:25:05Z,2.0,32.0,,,
JJMC89 bot,0,0,2016-01-29T21:32:16Z,,2.0,5087.0,,,
185.146.113.189,0,0,,,2.0,19.0,,,
Flight709,0,0,2024-08-31T06:09:06Z,,2.0,64.0,,,
Amingon,0,0,2024-05-30T01:18:07Z,,2.0,71.0,,,
Mant08,0,0,2024-07-04T20:28:59Z,,2.0,13.0,,,
Chipmunkdavis,0,0,2009-11-14T08:39:19Z,2016-04-16T23:42:27Z,2.0,911.0,,,
Typical Albanian,0,0,2022-02-03T13:57:41Z,2023-06-22T19:45:19Z,2.0,225.0,,,
Shibbolethink,0,0,2014-08-18T16:43:34Z,2016-04-12T22:17:40Z,,,,,
Freinland,0,0,2020-06-20T14:34:20Z,2024-01-06T18:00:14Z,,,,,
Scott free0011,0,0,2020-09-01T02:16:50Z,,,,,,
Prabhanshu Singh Rajput,0,0,2024-09-01T05:16:47Z,,,,,,
103.245.244.201,0,0,,,,,,,
1.55.205.142,0,0,,,,,,,
52Timer,0,0,2022-03-21T09:51:20Z,2023-10-08T08:31:58Z,,,,,
192.124.42.11,0,0,,,,,,,
Unbandito,0,0,,,,,,,
EthanRossie2000,0,0,,,,,,,
RAN1,0,0,2009-12-14T03:17:14Z,2017-08-26T20:24:33Z,,,,,
199.119.232.213,0,0,,,,,,,
Thirdhuman,0,0,2018-02-16T03:48:03Z,,,,,,
Tdmurlock,0,0,2021-03-18T07:31:57Z,2024-02-19T04:51:01Z,,,,,
Lustigermutiger21,0,0,2024-06-04T06:15:19Z,2024-07-10T12:29:27Z,,,,,
Arif Faturahman,0,0,2024-02-13T06:43:03Z,2024-06-06T06:18:59Z,,,,,
Cal1407,0,0,2014-07-09T15:42:00Z,2016-07-03T04:27:14Z,,,,,
NBS13QRS,0,0,2022-04-07T10:00:56Z,2023-11-20T11:58:05Z,,,,,
Ecpiandy,0,0,2011-11-10T00:49:42Z,2017-06-04T22:10:34Z,,,,,
195.130.32.97,0,0,,,,,,,
Tj3gj3,0,0,2024-08-08T20:45:25Z,,,,,,
TulsaPoliticsFan,0,0,2021-01-16T19:53:18Z,2021-08-04T18:51:55Z,,,,,
Fowler&fowler,0,0,,,,,,,
Nice4What,0,0,2018-04-11T18:41:33Z,2018-06-18T17:53:05Z,,,,,
